Player Name,Club,Appearances,Minutes,Goals Per 90,Assists Per 90,Shots Per 90,Shots On Target Per 90,Big Chances Missed Per 90,Touches Per 90,Passes Per 90,Successful Passes Per 90,Crosses Per 90,Successful Crosses Per 90,fThird Passes Per 90,Successful fThird Passes Per 90,Through Balls Per 90,Carries Per 90,Progressive Carries Per 90,Possession Won Per 90,Dispossessed Per 90,Clearances Per 90,Interceptions Per 90,Blocks Per 90,Tackles Per 90,Ground Duels Per 90,gDuels Won Per 90,Aerial Duels Per 90,aDuels Won Per 90,Goals Conceded Per 90
Ben White,Arsenal,17,1198,0.0,0.15,0.68,0.9,0.0,62.58,126.06,112.16,3.83,0.75,53.64,44.47,0.3,43.8,22.24,8.04,0.45,2.85,1.73,0.45,1.5,17.35,8.71,1.2,0.38,0.0
Bukayo Saka,Arsenal,25,1735,0.31,0.52,3.48,0.1,0.41,56.75,33.35,28.84,0.05,0.0,2.85,1.71,0.05,8.66,3.58,2.28,2.07,0.31,0.78,0.73,1.5,3.01,1.76,2.33,1.19,0.0
David Raya,Arsenal,38,3420,0.0,0.0,0.0,0.0,0.0,42.08,0.0,0.0,0.0,0.0,0.0,0.0,0.0,0.0,0.0,0.0,0.0,0.76,0.0,0.0,0.0,0.0,0.0,0.0,0.0,0.89
Declan Rice,Arsenal,35,2833,0.13,0.22,1.52,0.57,0.06,64.05,25.07,20.36,2.0,0.22,15.25,11.56,0.35,13.06,8.26,3.84,1.02,1.59,0.41,0.16,1.68,10.86,3.84,0.83,0.32,0.0
Ethan Nwaneri,Arsenal,26,889,0.4,0.0,2.43,0.0,0.0,60.84,0.0,0.0,0.0,0.0,0.0,0.0,0.0,0.0,0.0,0.0,1.72,0.4,0.0,0.0,1.11,0.0,0.0,0.0,0.0,0.0
Gabriel Jesus,Arsenal,17,603,0.45,0.0,2.99,0.0,0.45,48.96,0.0,0.0,0.0,0.0,0.0,0.0,0.0,0.0,0.0,0.0,1.94,1.04,0.0,0.0,1.49,0.0,0.0,0.0,0.0,0.0
Gabriel Magalhães,Arsenal,28,2365,0.11,0.04,0.84,0.95,0.15,72.72,22.45,17.73,3.39,0.8,12.9,9.67,0.19,12.82,8.22,2.97,0.08,3.39,0.19,0.0,0.95,7.84,2.93,2.13,0.65,0.0
Gabriel Martinelli,Arsenal,33,2300,0.31,0.16,2.15,0.47,0.31,42.38,13.46,9.23,0.35,0.04,8.22,5.17,0.47,7.12,4.3,2.58,1.49,0.63,0.39,0.12,0.9,9.27,4.34,2.82,0.98,0.0
Jakub Kiwior,Arsenal,17,1117,0.08,0.0,0.24,0.08,0.0,69.37,42.95,37.14,2.09,0.48,10.64,7.49,0.0,8.14,4.19,5.24,0.0,4.59,0.73,0.24,1.77,4.27,2.18,1.61,1.05,0.0
Jorginho,Arsenal,15,702,0.0,0.0,0.26,0.0,0.0,70.51,0.0,0.0,0.0,0.0,0.0,0.0,0.0,0.0,0.0,0.0,1.15,0.26,0.0,0.0,1.54,0.0,0.0,0.0,0.0,0.0
Jurriën Timber,Arsenal,30,2422,0.04,0.11,0.52,1.26,0.04,65.1,16.76,10.92,0.22,0.04,6.06,3.68,0.04,2.9,1.41,1.56,0.89,1.52,0.22,0.15,2.16,5.5,1.37,6.21,2.49,0.0
Kai Havertz,Arsenal,23,1874,0.43,0.14,2.55,0.1,0.72,40.2,25.36,20.55,0.29,0.1,7.2,5.04,0.05,5.57,1.63,3.27,1.1,1.54,0.91,0.29,0.77,6.1,2.83,1.44,0.38,0.0
Kieran Tierney,Arsenal,13,252,0.36,0.0,0.71,0.0,0.36,72.5,0.0,0.0,0.0,0.0,0.0,0.0,0.0,0.0,0.0,0.0,0.0,3.21,0.0,0.0,2.5,0.0,0.0,0.0,0.0,0.0
Leandro Trossard,Arsenal,38,2550,0.28,0.25,2.54,0.07,0.32,49.76,33.53,27.0,2.4,0.49,10.41,7.84,0.11,7.62,4.76,3.99,1.84,0.49,0.88,0.28,1.09,5.89,3.14,2.08,1.24,0.0
Martin Ødegaard,Arsenal,30,2328,0.12,0.31,1.89,0.46,0.15,69.24,72.6,67.35,0.0,0.0,27.87,24.7,0.58,22.23,10.01,4.41,1.55,0.19,0.93,0.0,0.73,8.27,4.52,0.73,0.39,0.0
Mikel Merino,Arsenal,28,1581,0.4,0.11,2.16,0.4,0.46,48.16,77.87,60.46,4.33,1.08,36.2,25.39,1.54,23.85,13.61,10.19,1.54,1.31,1.54,0.17,2.62,17.65,9.11,2.28,0.68,0.0
Myles Lewis-Skelly,Arsenal,23,1370,0.07,0.0,0.2,0.39,0.0,63.33,128.82,111.22,0.53,0.13,18.92,11.17,0.2,30.15,17.54,10.64,0.59,1.58,2.23,3.74,1.45,8.47,4.93,12.42,7.82,0.0
Nathan Butler-Oyedeji,Arsenal,1,6,0.0,0.0,15.0,0.0,0.0,15.0,0.0,0.0,0.0,0.0,0.0,0.0,0.0,0.0,0.0,0.0,0.0,0.0,0.0,0.0,0.0,0.0,0.0,0.0,0.0,0.0
Neto,Arsenal,2,180,0.0,0.0,0.0,0.0,0.0,40.0,0.0,0.0,0.0,0.0,0.0,0.0,0.0,0.0,0.0,0.0,0.0,1.5,0.0,0.0,0.0,0.0,0.0,0.0,0.0,0.0
Oleksandr Zinchenko,Arsenal,15,522,0.0,0.0,1.72,0.0,0.0,88.1,0.0,0.0,0.0,0.0,0.0,0.0,0.0,0.0,0.0,0.0,0.69,1.55,0.0,0.0,1.03,0.0,0.0,0.0,0.0,0.0
Raheem Sterling,Arsenal,17,496,0.0,0.36,2.0,0.0,0.18,54.44,0.0,0.0,0.0,0.0,0.0,0.0,0.0,0.0,0.0,0.0,2.54,0.54,0.0,0.0,1.63,0.0,0.0,0.0,0.0,0.0
Riccardo Calafiori,Arsenal,19,984,0.18,0.09,0.91,0.18,0.09,62.47,110.12,100.7,0.55,0.0,38.05,33.38,0.27,26.16,12.99,8.69,0.46,2.2,1.19,0.64,0.0,11.25,6.68,1.83,0.55,0.0
Takehiro Tomiyasu,Arsenal,1,6,0.0,0.0,15.0,0.0,0.0,120.0,0.0,0.0,0.0,0.0,0.0,0.0,0.0,0.0,0.0,0.0,0.0,15.0,0.0,0.0,0.0,0.0,0.0,0.0,0.0,0.0
Thomas Partey,Arsenal,35,2799,0.13,0.0,0.84,0.1,0.1,73.6,25.27,20.96,1.19,0.13,5.92,4.66,0.0,4.24,2.41,1.83,0.55,1.41,0.71,0.19,2.86,3.18,1.8,2.28,1.13,0.0
William Saliba,Arsenal,35,3041,0.06,0.0,0.18,0.03,0.06,85.32,45.87,40.55,0.15,0.0,5.21,2.99,0.06,9.8,5.5,2.66,0.24,3.49,0.77,1.01,1.83,3.2,1.66,2.49,1.39,0.0
Amadou Onana,Aston Villa,26,1624,0.17,0.0,0.94,0.5,0.11,58.58,43.56,33.86,2.66,0.28,19.06,13.36,0.28,9.59,4.54,5.54,0.5,2.22,0.44,0.11,3.05,8.37,3.38,2.05,0.78,0.0
Andrés García,Aston Villa,7,317,0.0,0.0,0.57,0.0,0.0,76.09,0.0,0.0,0.0,0.0,0.0,0.0,0.0,0.0,0.0,0.0,1.7,2.27,0.0,0.0,2.56,0.0,0.0,0.0,0.0,0.0
Axel Disasi,Aston Villa,13,853,0.11,0.0,0.42,0.0,0.0,71.54,0.0,0.0,0.0,0.0,0.0,0.0,0.0,0.0,0.0,0.0,0.53,2.95,0.0,0.0,1.58,0.0,0.0,0.0,0.0,0.0
Boubacar Kamara,Aston Villa,26,1725,0.05,0.0,0.52,0.0,0.05,61.77,63.55,55.62,0.52,0.21,12.0,9.39,0.16,14.24,6.73,7.3,0.89,2.45,1.41,0.52,2.61,8.24,4.49,1.72,1.15,0.0
Diego Carlos,Aston Villa,10,828,0.0,0.0,0.43,0.0,0.22,73.91,0.0,0.0,0.0,0.0,0.0,0.0,0.0,0.0,0.0,0.0,0.0,3.8,0.0,0.0,0.87,0.0,0.0,0.0,0.0,0.0
Donyell Malen,Aston Villa,14,298,0.91,0.0,4.53,0.0,1.21,43.79,0.0,0.0,0.0,0.0,0.0,0.0,0.0,0.0,0.0,0.0,2.11,0.3,0.0,0.0,2.11,0.0,0.0,0.0,0.0,0.0
Emiliano Buendía,Aston Villa,12,89,0.0,0.0,5.06,0.0,1.01,95.06,0.0,0.0,0.0,0.0,0.0,0.0,0.0,0.0,0.0,0.0,3.03,1.01,0.0,0.0,6.07,0.0,0.0,0.0,0.0,0.0
Emiliano Martínez,Aston Villa,37,3195,0.0,0.0,0.0,0.0,0.0,44.59,0.0,0.0,0.0,0.0,0.0,0.0,0.0,0.0,0.0,0.0,0.0,0.56,0.0,0.0,0.08,0.0,0.0,0.0,0.0,1.27
Ezri Konsa,Aston Villa,34,2937,0.06,0.0,0.34,0.34,0.0,60.89,59.51,50.29,0.4,0.03,11.43,6.93,0.12,12.9,7.11,4.11,0.31,3.28,1.38,0.77,1.04,3.59,1.72,4.11,1.81,0.0
Ian Maatsen,Aston Villa,29,1128,0.08,0.16,1.52,0.32,0.0,77.87,151.36,136.68,0.0,0.0,22.9,17.47,0.08,31.2,18.11,7.82,1.99,2.15,1.36,1.12,2.31,8.06,4.95,8.46,5.98,0.0
Jacob Ramsey,Aston Villa,29,1628,0.06,0.17,1.05,0.44,0.11,45.88,42.46,36.15,1.27,0.0,22.17,17.8,0.39,18.19,10.06,5.47,1.27,0.44,0.11,0.0,1.66,7.91,3.81,0.94,0.33,0.0
Jhon Durán,Aston Villa,20,626,1.01,0.0,4.46,0.0,1.01,42.41,0.0,0.0,0.0,0.0,0.0,0.0,0.0,0.0,0.0,0.0,2.16,1.73,0.0,0.0,1.15,0.0,0.0,0.0,0.0,0.0
John McGinn,Aston Villa,34,2230,0.04,0.16,1.25,0.81,0.16,47.91,25.26,18.85,0.85,0.2,13.4,9.28,0.4,11.02,5.57,2.38,1.17,0.57,0.36,0.0,1.33,8.23,3.63,3.59,1.7,0.0
Kosta Nedeljkovic,Aston Villa,5,121,0.0,0.0,0.0,0.0,0.0,52.07,0.0,0.0,0.0,0.0,0.0,0.0,0.0,0.0,0.0,0.0,0.0,2.23,0.0,0.0,5.21,0.0,0.0,0.0,0.0,0.0
Lamare Bogarde,Aston Villa,8,475,0.0,0.0,0.19,0.0,0.0,65.94,0.0,0.0,0.0,0.0,0.0,0.0,0.0,0.0,0.0,0.0,1.52,2.27,0.0,0.0,2.65,0.0,0.0,0.0,0.0,0.0
Leon Bailey,Aston Villa,24,1143,0.08,0.16,2.2,0.08,0.08,47.24,55.12,47.17,0.47,0.08,15.12,11.73,0.16,14.41,7.09,5.28,1.97,0.63,1.1,0.79,0.55,12.05,6.61,3.07,1.65,0.0
Lucas Digne,Aston Villa,32,2358,0.0,0.15,0.5,0.23,0.04,60.53,53.7,42.33,0.88,0.19,19.39,12.48,0.69,8.97,3.82,5.69,0.61,3.21,0.69,0.15,2.48,11.49,5.69,4.05,1.83,0.0
Marco Asensio,Aston Villa,13,745,0.36,0.12,2.9,0.0,0.48,49.89,0.0,0.0,0.0,0.0,0.0,0.0,0.0,0.0,0.0,0.0,0.97,0.36,0.0,0.0,0.85,0.0,0.0,0.0,0.0,0.0
Marcus Rashford,Aston Villa,25,1426,0.38,0.19,2.21,1.07,0.32,44.56,49.99,40.14,3.28,1.01,25.88,20.39,0.32,20.39,11.17,7.51,0.44,0.57,0.32,0.19,1.07,14.33,6.25,3.72,1.64,0.0
Matty Cash,Aston Villa,27,2077,0.04,0.04,0.56,0.26,0.0,54.21,63.61,52.13,0.3,0.09,7.93,4.12,0.13,15.73,6.46,5.63,0.43,2.51,2.34,0.91,2.43,6.59,4.07,4.81,2.64,0.0
Morgan Rogers,Aston Villa,37,3129,0.23,0.29,1.58,0.17,0.32,43.95,40.84,32.47,0.23,0.06,10.12,6.21,0.23,8.83,5.38,4.08,2.13,0.52,1.04,1.21,1.24,4.34,2.47,1.93,1.27,0.0
Ollie Watkins,Aston Villa,38,2610,0.55,0.28,2.9,0.59,0.93,27.03,9.86,8.31,0.45,0.14,5.59,4.52,0.07,4.97,2.86,1.28,1.72,0.48,0.21,0.03,0.34,4.0,1.83,0.55,0.17,0.0
Pau Torres,Aston Villa,24,2020,0.0,0.0,0.36,0.67,0.0,69.55,11.63,7.13,0.0,0.0,4.32,2.09,0.0,2.76,0.85,0.85,0.22,3.3,0.04,0.09,0.94,4.95,1.38,6.86,4.14,0.0
Robin Olsen,Aston Villa,4,225,0.0,0.0,0.0,0.0,0.0,46.4,0.0,0.0,0.0,0.0,0.0,0.0,0.0,0.0,0.0,0.0,0.0,1.2,0.0,0.0,0.4,0.0,0.0,0.0,0.0,0.0
Ross Barkley,Aston Villa,20,569,0.47,0.16,2.53,0.0,0.16,77.98,0.0,0.0,0.0,0.0,0.0,0.0,0.0,0.0,0.0,0.0,1.27,0.79,0.0,0.0,2.21,0.0,0.0,0.0,0.0,0.0
Tyrone Mings,Aston Villa,14,1121,0.0,0.0,0.72,0.0,0.08,64.95,82.45,67.44,5.46,1.77,19.35,13.73,0.08,21.36,10.76,7.95,0.0,4.74,3.37,1.2,0.56,15.66,8.99,5.22,1.85,0.0
Youri Tielemans,Aston Villa,36,3032,0.09,0.21,1.22,0.18,0.09,74.71,21.43,18.14,1.63,0.27,6.5,5.19,0.03,4.57,2.91,1.31,0.86,1.37,0.33,0.27,2.49,2.64,1.48,0.42,0.15,0.0
Adam Smith,Bournemouth,25,1596,0.0,0.0,0.17,0.0,0.06,48.21,29.66,23.35,1.86,0.39,9.53,6.2,0.06,5.41,2.93,2.82,0.39,2.14,0.85,0.28,1.35,4.96,2.37,1.64,0.79,0.0
Alex Scott,Bournemouth,20,751,0.0,0.0,1.8,0.0,0.0,62.68,0.0,0.0,0.0,0.0,0.0,0.0,0.0,0.0,0.0,0.0,0.96,1.32,0.0,0.0,3.24,0.0,0.0,0.0,0.0,0.0
Antoine Semenyo,Bournemouth,37,3209,0.0,0.14,3.51,0.06,0.34,51.86,45.66,36.96,4.77,1.18,15.12,11.05,0.03,12.48,8.25,4.4,2.16,0.95,1.74,0.22,1.54,8.02,4.23,2.19,1.46,0.0
Ben Winterburn,Bournemouth,4,22,0.0,0.0,0.0,0.0,0.0,40.91,0.0,0.0,0.0,0.0,0.0,0.0,0.0,0.0,0.0,0.0,0.0,0.0,0.0,0.0,0.0,0.0,0.0,0.0,0.0,0.0
Dango Ouattara,Bournemouth,32,2006,0.31,0.0,2.78,0.81,0.54,47.2,51.01,38.32,3.32,0.85,17.09,11.22,0.09,11.49,5.83,7.67,1.44,2.15,1.97,0.27,1.57,13.91,7.31,6.15,2.6,0.0
Daniel Jebbison,Bournemouth,16,105,0.86,0.0,4.29,0.0,1.71,78.86,0.0,0.0,0.0,0.0,0.0,0.0,0.0,0.0,0.0,0.0,4.29,0.86,0.0,0.0,4.29,0.0,0.0,0.0,0.0,0.0
David Brooks,Bournemouth,29,949,0.19,0.0,2.37,0.38,0.28,56.05,151.83,127.84,1.14,0.19,35.28,24.28,0.19,44.19,26.17,9.96,1.33,0.85,4.84,2.66,1.33,8.91,4.55,10.62,6.45,0.0
Dean Huijsen,Bournemouth,32,2422,0.11,0.07,0.67,0.56,0.07,75.95,54.85,49.27,1.26,0.22,21.92,18.65,0.19,15.68,8.4,5.8,0.04,7.21,0.93,0.48,1.34,6.39,3.05,2.38,1.41,0.0
Enes Ünal,Bournemouth,17,331,0.54,0.0,5.44,0.0,0.82,52.48,0.0,0.0,0.0,0.0,0.0,0.0,0.0,0.0,0.0,0.0,3.53,1.63,0.0,0.0,0.27,0.0,0.0,0.0,0.0,0.0
Evanilson,Bournemouth,31,2335,0.0,0.04,2.81,0.19,0.54,24.28,62.94,58.7,0.19,0.0,7.48,6.09,0.23,14.99,7.71,3.74,0.93,0.81,0.93,0.31,0.62,4.59,3.43,2.12,1.19,0.0
Illia Zabarnyi,Bournemouth,36,3113,0.0,0.0,0.35,0.84,0.03,60.48,19.66,13.76,1.59,0.38,9.19,6.22,0.38,7.03,4.22,3.27,0.09,5.18,0.26,0.17,1.5,5.87,2.75,2.57,1.07,0.0
James Hill,Bournemouth,10,448,0.0,0.0,1.21,0.0,0.0,66.29,0.0,0.0,0.0,0.0,0.0,0.0,0.0,0.0,0.0,0.0,0.0,6.23,0.0,0.0,3.01,0.0,0.0,0.0,0.0,0.0
Julián Araujo,Bournemouth,12,497,0.0,0.0,0.0,0.0,0.0,51.25,0.0,0.0,0.0,0.0,0.0,0.0,0.0,0.0,0.0,0.0,0.36,2.9,0.0,0.0,1.81,0.0,0.0,0.0,0.0,0.0
Julio Soler,Bournemouth,3,9,0.0,0.0,0.0,0.0,0.0,180.0,0.0,0.0,0.0,0.0,0.0,0.0,0.0,0.0,0.0,0.0,0.0,0.0,0.0,0.0,10.0,0.0,0.0,0.0,0.0,0.0
Justin Kluivert,Bournemouth,34,2356,0.0,0.0,2.41,0.8,0.23,44.96,19.14,15.28,0.42,0.08,10.08,7.83,0.04,4.78,2.75,1.57,1.03,0.88,0.23,0.15,0.88,5.27,1.76,5.54,2.48,0.0
Kepa,Bournemouth,31,2790,0.0,0.0,0.03,0.0,0.0,38.61,0.0,0.0,0.0,0.0,0.0,0.0,0.0,0.0,0.0,0.0,0.0,1.16,0.0,0.0,0.03,0.0,0.0,0.0,0.0,1.26
Lewis Cook,Bournemouth,36,2978,0.03,0.09,0.42,0.09,0.0,59.39,58.45,53.43,0.15,0.0,9.19,6.56,0.06,11.82,6.07,3.14,0.54,1.99,0.39,0.54,2.45,1.39,0.82,2.51,1.57,0.0
Lloyd Kelly,Bournemouth,10,301,0.0,0.3,0.9,0.0,0.0,68.47,0.0,0.0,0.0,0.0,0.0,0.0,0.0,0.0,0.0,0.0,0.0,4.49,0.0,0.0,1.5,0.0,0.0,0.0,0.0,0.0
Luis Sinisterra,Bournemouth,12,230,0.39,0.0,5.09,0.0,0.78,65.35,0.0,0.0,0.0,0.0,0.0,0.0,0.0,0.0,0.0,0.0,1.17,2.74,0.0,0.0,2.74,0.0,0.0,0.0,0.0,0.0
Marcos Senesi,Bournemouth,17,1108,0.0,0.0,0.24,1.3,0.16,74.57,36.23,28.43,2.76,0.81,18.11,13.08,0.73,12.92,8.45,3.09,0.49,4.71,0.41,0.0,3.17,8.77,3.66,1.71,0.49,0.0
Marcus Tavernier,Bournemouth,29,1938,0.14,0.23,2.65,0.23,0.28,60.51,27.35,22.24,0.46,0.23,5.53,3.62,0.28,6.83,3.44,3.39,2.18,0.42,1.25,0.33,2.04,5.11,3.2,1.9,1.16,0.0
Mark Travers,Bournemouth,5,450,0.0,0.0,0.0,0.0,0.0,35.0,0.0,0.0,0.0,0.0,0.0,0.0,0.0,0.0,0.0,0.0,0.0,1.8,0.0,0.0,0.0,0.0,0.0,0.0,0.0,0.0
Max Aarons,Bournemouth,3,85,0.0,0.0,0.0,0.0,0.0,79.41,0.0,0.0,0.0,0.0,0.0,0.0,0.0,0.0,0.0,0.0,0.0,0.0,0.0,0.0,2.12,0.0,0.0,0.0,0.0,0.0
Milos Kerkez,Bournemouth,38,3342,0.05,0.13,0.51,1.64,0.0,60.97,31.1,22.97,2.1,0.46,18.72,12.68,0.51,12.98,7.11,2.72,0.59,2.67,0.24,0.0,1.4,7.78,3.18,0.62,0.24,0.0
Philip Billing,Bournemouth,10,176,0.0,0.0,2.56,0.0,0.0,79.26,0.0,0.0,0.0,0.0,0.0,0.0,0.0,0.0,0.0,0.0,2.05,1.02,0.0,0.0,7.16,0.0,0.0,0.0,0.0,0.0
Remy Rees-Dottin,Bournemouth,1,1,0.0,0.0,0.0,0.0,0.0,0.0,0.0,0.0,0.0,0.0,0.0,0.0,0.0,0.0,0.0,0.0,0.0,0.0,0.0,0.0,0.0,0.0,0.0,0.0,0.0,0.0
Ryan Christie,Bournemouth,29,2131,0.08,0.13,1.39,0.04,0.0,62.13,26.18,21.92,1.73,0.34,8.19,5.87,0.04,5.83,3.17,2.75,1.06,2.07,0.72,0.42,2.28,5.07,3.0,0.93,0.63,0.0
Tyler Adams,Bournemouth,28,1965,0.0,0.14,0.41,0.41,0.09,63.8,26.84,22.63,0.87,0.14,10.4,7.92,0.37,14.34,8.11,3.66,0.55,1.69,0.37,0.23,3.8,12.23,5.91,1.6,0.46,0.0
Zain Silcott-Duberry,Bournemouth,1,1,0.0,0.0,0.0,0.0,0.0,270.0,0.0,0.0,0.0,0.0,0.0,0.0,0.0,0.0,0.0,0.0,0.0,0.0,0.0,0.0,90.0,0.0,0.0,0.0,0.0,0.0
Ben Mee,Brentford,7,181,0.0,0.0,0.0,0.0,0.0,69.12,0.0,0.0,0.0,0.0,0.0,0.0,0.0,0.0,0.0,0.0,0.0,3.48,0.0,0.0,0.99,0.0,0.0,0.0,0.0,0.0
Bryan Mbeumo,Brentford,38,3415,0.53,0.18,2.24,0.61,0.24,50.47,15.76,13.28,1.48,0.34,10.3,8.57,0.11,8.43,5.06,1.84,1.24,1.34,0.08,0.0,1.29,5.59,2.87,0.79,0.26,0.0
Christian Nørgaard,Brentford,34,2829,0.16,0.0,1.24,0.38,0.19,59.9,10.5,9.51,0.13,0.0,5.25,4.64,0.06,2.93,1.43,0.92,0.64,2.04,0.22,0.06,2.51,2.58,1.05,1.21,0.51,0.0
Ethan Pinnock,Brentford,22,1913,0.09,0.0,0.47,1.51,0.05,64.45,16.04,11.48,0.0,0.0,7.81,5.27,0.19,5.93,2.92,3.15,0.19,6.54,0.05,0.09,1.65,6.87,3.58,4.94,1.98,0.0
Fábio Carvalho,Brentford,19,446,0.4,0.2,2.42,0.0,0.4,53.88,0.0,0.0,0.0,0.0,0.0,0.0,0.0,0.0,0.0,0.0,1.61,0.4,0.0,0.0,2.62,0.0,0.0,0.0,0.0,0.0
Frank Onyeka,Brentford,2,23,0.0,0.0,0.0,0.0,0.0,43.04,0.0,0.0,0.0,0.0,0.0,0.0,0.0,0.0,0.0,0.0,3.91,0.0,0.0,0.0,0.0,0.0,0.0,0.0,0.0,0.0
Gustavo Nunes,Brentford,3,11,0.0,0.0,0.0,0.0,0.0,57.27,0.0,0.0,0.0,0.0,0.0,0.0,0.0,0.0,0.0,0.0,0.0,16.36,0.0,0.0,24.55,0.0,0.0,0.0,0.0,0.0
Hákon Valdimarsson,Brentford,2,144,0.0,0.0,0.0,0.0,0.0,48.75,0.0,0.0,0.0,0.0,0.0,0.0,0.0,0.0,0.0,0.0,0.0,1.88,0.0,0.0,0.0,0.0,0.0,0.0,0.0,0.0
Igor Thiago,Brentford,8,168,0.0,0.0,1.07,0.0,0.0,49.82,0.0,0.0,0.0,0.0,0.0,0.0,0.0,0.0,0.0,0.0,0.0,1.61,0.0,0.0,2.68,0.0,0.0,0.0,0.0,0.0
Jayden Meghoma,Brentford,1,4,0.0,0.0,0.0,0.0,0.0,67.5,0.0,0.0,0.0,0.0,0.0,0.0,0.0,0.0,0.0,0.0,0.0,0.0,0.0,0.0,0.0,0.0,0.0,0.0,0.0,0.0
Keane Lewis-Potter,Brentford,38,3101,0.03,0.09,0.81,0.06,0.12,49.72,22.26,18.46,1.1,0.29,6.97,5.54,0.03,5.2,2.64,2.15,0.58,1.92,0.93,0.35,1.42,4.15,2.29,1.39,0.75,0.0
Kevin Schade,Brentford,38,2301,0.0,0.08,2.15,0.0,0.35,38.29,40.6,34.65,0.98,0.12,14.2,11.11,0.12,5.08,3.05,2.66,1.41,0.0,0.47,0.12,1.53,3.68,2.07,1.49,0.86,0.0
Kim Ji-Soo,Brentford,3,28,0.0,0.0,0.0,0.0,0.0,99.64,0.0,0.0,0.0,0.0,0.0,0.0,0.0,0.0,0.0,0.0,3.21,6.43,0.0,0.0,0.0,0.0,0.0,0.0,0.0,0.0
Kristoffer Ajer,Brentford,24,1441,0.0,0.0,0.56,0.12,0.12,51.84,45.66,40.47,0.87,0.25,15.24,12.8,0.12,8.87,3.93,2.87,0.75,2.94,0.19,0.25,1.62,2.94,1.56,1.0,0.56,0.0
Mads Roerslev,Brentford,19,1096,0.0,0.0,0.41,0.41,0.0,55.02,99.69,88.77,4.35,0.82,31.2,25.78,0.16,24.06,11.25,9.77,0.49,2.55,1.97,0.66,1.48,11.5,5.67,1.97,0.74,0.0
Mark Flekken,Brentford,37,3276,0.0,0.05,0.0,0.0,0.0,54.56,0.0,0.0,0.0,0.0,0.0,0.0,0.0,0.0,0.0,0.0,0.0,1.26,0.0,0.0,0.11,0.0,0.0,0.0,0.0,1.51
Mathias Jensen,Brentford,24,852,0.0,0.21,0.63,0.0,0.0,63.49,0.0,0.0,0.0,0.0,0.0,0.0,0.0,0.0,0.0,0.0,0.74,1.37,0.0,0.0,1.48,0.0,0.0,0.0,0.0,0.0
Michael Kayode,Brentford,12,528,0.0,0.0,0.34,0.0,0.0,57.44,0.0,0.0,0.0,0.0,0.0,0.0,0.0,0.0,0.0,0.0,0.51,2.9,0.0,0.0,2.9,0.0,0.0,0.0,0.0,0.0
Mikkel Damsgaard,Brentford,38,2926,0.06,0.31,1.08,0.15,0.12,62.56,41.52,33.4,4.06,1.08,14.64,10.61,0.06,13.1,8.37,5.2,1.45,0.0,1.38,0.31,2.55,6.37,3.81,2.37,0.86,0.0
Nathan Collins,Brentford,38,3420,0.05,0.08,0.45,0.18,0.11,65.68,22.37,18.21,1.39,0.32,7.87,6.05,0.03,6.92,4.11,2.89,0.21,5.79,0.82,0.26,1.05,6.47,3.97,1.84,1.05,0.0
Paris Maghoma,Brentford,8,112,0.0,0.0,0.8,0.0,0.0,85.98,0.0,0.0,0.0,0.0,0.0,0.0,0.0,0.0,0.0,0.0,0.0,0.8,0.0,0.0,1.61,0.0,0.0,0.0,0.0,0.0
Rico Henry,Brentford,5,94,0.0,0.0,0.0,0.0,0.0,65.11,0.0,0.0,0.0,0.0,0.0,0.0,0.0,0.0,0.0,0.0,0.0,1.91,0.0,0.0,1.91,0.0,0.0,0.0,0.0,0.0
Ryan Trevitt,Brentford,1,3,0.0,0.0,0.0,0.0,0.0,240.0,0.0,0.0,0.0,0.0,0.0,0.0,0.0,0.0,0.0,0.0,0.0,0.0,0.0,0.0,30.0,0.0,0.0,0.0,0.0,0.0
Sepp van den Berg,Brentford,31,2588,0.0,0.0,0.7,0.28,0.1,56.62,11.55,9.46,1.43,0.35,5.67,4.31,0.07,6.33,3.1,1.63,0.24,4.56,0.28,0.0,1.36,4.0,1.67,0.38,0.24,0.0
Vitaly Janelt,Brentford,32,2266,0.04,0.12,0.56,0.08,0.0,52.55,18.79,15.45,1.11,0.36,4.96,3.73,0.0,4.49,2.5,1.55,0.4,1.91,0.32,0.44,1.51,3.61,1.71,1.59,0.91,0.0
Yehor Yarmoliuk,Brentford,31,1442,0.0,0.0,0.56,2.68,0.0,63.41,35.14,27.9,1.25,0.06,16.98,12.42,0.31,15.23,7.43,5.06,1.31,1.93,0.5,0.5,3.06,12.3,5.49,4.12,1.87,0.0
Yoane Wissa,Brentford,35,2927,0.58,0.0,2.77,0.4,0.52,31.36,59.44,51.1,0.86,0.12,19.59,14.51,0.74,11.68,5.53,4.46,1.08,0.58,0.71,0.49,0.68,8.92,5.2,1.29,0.74,0.0
Yunus Konak,Brentford,10,36,0.0,0.0,2.5,0.0,0.0,142.5,0.0,0.0,0.0,0.0,0.0,0.0,0.0,0.0,0.0,0.0,7.5,0.0,0.0,0.0,10.0,0.0,0.0,0.0,0.0,0.0
Jakub Moder,Brighton,4,9,0.0,0.0,0.0,0.0,0.0,270.0,0.0,0.0,0.0,0.0,0.0,0.0,0.0,0.0,0.0,0.0,0.0,30.0,0.0,0.0,10.0,0.0,0.0,0.0,0.0,0.0
James Milner,Brighton,4,173,0.0,0.0,1.04,0.0,0.0,49.42,0.0,0.0,0.0,0.0,0.0,0.0,0.0,0.0,0.0,0.0,0.0,1.04,0.0,0.0,2.6,0.0,0.0,0.0,0.0,0.0
Adam Webster,Brighton & Hove Albion,14,888,0.0,0.0,0.51,0.0,0.1,85.14,0.0,0.0,0.0,0.0,0.0,0.0,0.0,0.0,0.0,0.0,0.1,4.05,0.0,0.0,1.01,0.0,0.0,0.0,0.0,0.0
Bart Verbruggen,Brighton & Hove Albion,36,3240,0.0,0.0,0.0,0.0,0.0,41.36,0.0,0.0,0.0,0.0,0.0,0.0,0.0,0.0,0.0,0.0,0.0,1.28,0.0,0.0,0.0,0.0,0.0,0.0,0.0,1.61
Billy Gilmour,Brighton & Hove Albion,2,97,0.0,0.0,0.93,0.0,0.0,73.3,0.0,0.0,0.0,0.0,0.0,0.0,0.0,0.0,0.0,0.0,0.0,0.93,0.0,0.0,2.78,0.0,0.0,0.0,0.0,0.0
Brajan Gruda,Brighton & Hove Albion,21,681,0.13,0.53,1.45,0.0,0.0,52.07,0.0,0.0,0.0,0.0,0.0,0.0,0.0,0.0,0.0,0.0,2.78,0.66,0.0,0.0,2.11,0.0,0.0,0.0,0.0,0.0
Carlos Baleba,Brighton & Hove Albion,34,2670,0.1,0.03,1.48,0.3,0.1,61.92,21.2,18.81,0.4,0.03,5.66,4.45,0.13,4.21,1.89,2.16,1.42,1.45,0.27,0.2,2.66,3.61,1.42,0.78,0.37,0.0
Danny Welbeck,Brighton & Hove Albion,30,2122,0.42,0.0,2.54,0.08,0.38,33.55,63.7,50.47,0.34,0.04,11.75,5.64,0.0,11.75,5.64,4.67,1.19,0.59,1.4,1.99,1.1,4.67,3.1,8.61,4.96,0.0
Diego Gómez,Brighton & Hove Albion,16,512,0.18,0.0,1.58,0.0,0.53,74.18,0.0,0.0,0.0,0.0,0.0,0.0,0.0,0.0,0.0,0.0,1.58,1.76,0.0,0.0,3.69,0.0,0.0,0.0,0.0,0.0
Eiran Cashin,Brighton & Hove Albion,2,19,0.0,0.0,0.0,0.0,0.0,151.58,0.0,0.0,0.0,0.0,0.0,0.0,0.0,0.0,0.0,0.0,0.0,9.47,0.0,0.0,0.0,0.0,0.0,0.0,0.0,0.0
Ferdi Kadioglu,Brighton & Hove Albion,6,388,0.23,0.0,0.93,0.0,0.23,56.13,0.0,0.0,0.0,0.0,0.0,0.0,0.0,0.0,0.0,0.0,0.0,3.94,0.0,0.0,2.32,0.0,0.0,0.0,0.0,0.0
Georginio Rutter,Brighton & Hove Albion,28,1666,0.27,0.16,2.7,0.43,0.27,39.92,16.75,12.97,1.13,0.32,8.0,6.05,0.05,6.91,3.94,1.94,2.0,0.65,0.27,0.0,2.11,5.4,2.21,1.03,0.32,0.0
Harry Howell,Brighton & Hove Albion,1,6,0.0,0.0,0.0,0.0,0.0,180.0,0.0,0.0,0.0,0.0,0.0,0.0,0.0,0.0,0.0,0.0,0.0,0.0,0.0,0.0,15.0,0.0,0.0,0.0,0.0,0.0
Igor Julio,Brighton & Hove Albion,13,960,0.0,0.0,0.09,1.69,0.0,77.91,64.78,55.03,2.91,0.84,25.97,20.53,0.19,34.03,19.88,16.12,0.0,3.56,1.88,0.19,0.47,30.75,16.03,2.53,0.75,0.0
Jack Hinshelwood,Brighton & Hove Albion,26,1846,0.24,0.1,0.88,0.1,0.1,59.58,45.73,42.27,0.05,0.0,6.09,5.12,0.0,10.14,4.78,2.15,0.15,1.8,0.63,0.59,1.32,3.46,1.85,0.78,0.29,0.0
Jan Paul van Hecke,Brighton & Hove Albion,34,2959,0.03,0.0,0.52,0.06,0.03,80.45,29.14,26.46,0.0,0.0,2.34,1.37,0.0,6.33,3.25,1.4,0.21,4.23,0.49,0.4,1.37,1.43,0.88,1.4,0.82,0.0
Jason Steele,Brighton & Hove Albion,2,180,0.0,0.0,0.0,0.0,0.0,60.5,0.0,0.0,0.0,0.0,0.0,0.0,0.0,0.0,0.0,0.0,0.0,1.5,0.0,0.0,0.0,0.0,0.0,0.0,0.0,0.0
Jeremy Sarmiento,Brighton & Hove Albion,1,8,0.0,0.0,0.0,0.0,0.0,90.0,0.0,0.0,0.0,0.0,0.0,0.0,0.0,0.0,0.0,0.0,0.0,0.0,0.0,0.0,0.0,0.0,0.0,0.0,0.0,0.0
João Pedro,Brighton & Hove Albion,27,1953,0.46,0.0,2.17,0.23,0.32,48.71,36.36,31.47,1.75,0.46,13.32,10.69,0.41,9.26,4.61,4.61,1.75,0.55,0.65,0.09,0.74,10.32,5.62,1.34,0.78,0.0
Joël Veltman,Brighton & Hove Albion,21,1699,0.0,0.0,0.32,0.64,0.05,63.14,133.91,122.37,1.17,0.16,43.54,37.98,0.32,38.78,21.45,7.26,0.37,3.28,2.33,1.01,2.28,9.16,5.83,5.09,2.86,0.0
Kaoru Mitoma,Brighton & Hove Albion,36,2608,0.35,0.14,1.97,0.48,0.41,51.04,36.17,29.13,2.62,0.86,13.04,9.18,0.17,13.67,7.9,5.04,0.79,0.24,0.72,0.31,1.55,7.83,4.18,2.14,0.93,0.0
Lewis Dunk,Brighton & Hove Albion,25,2083,0.0,0.0,0.52,0.04,0.13,92.94,56.73,48.43,1.86,0.39,15.68,12.31,0.17,12.14,7.3,5.14,0.13,3.37,0.78,0.65,0.73,6.91,3.89,2.64,1.3,0.0
Mats Wieffer,Brighton & Hove Albion,25,1008,0.09,0.0,0.8,0.27,0.18,80.98,108.04,92.05,1.96,0.09,22.77,15.54,0.18,21.52,12.5,9.46,0.8,2.23,1.96,1.25,5.18,8.57,5.36,6.96,5.0,0.0
Matt O'Riley,Brighton & Hove Albion,21,937,0.19,0.0,2.11,0.96,0.19,53.21,131.59,118.91,0.58,0.19,11.33,7.59,0.0,31.7,13.74,6.53,0.38,0.86,3.17,1.92,1.54,6.92,4.23,8.45,5.57,0.0
Pervis Estupiñán,Brighton & Hove Albion,30,2403,0.04,0.04,1.05,0.6,0.04,74.94,31.91,28.28,0.97,0.37,16.37,13.6,0.26,10.11,4.27,2.28,1.01,2.13,0.34,0.04,2.43,4.91,2.28,0.45,0.11,0.0
Simon Adingra,Brighton & Hove Albion,29,1091,0.16,0.16,2.72,2.14,0.33,48.84,68.72,57.75,3.3,0.74,35.72,29.2,0.33,28.21,14.35,7.01,0.99,0.49,0.41,0.0,1.9,14.44,6.1,1.48,0.49,0.0
Solly March,Brighton & Hove Albion,8,162,0.0,0.0,1.11,0.0,0.0,70.0,0.0,0.0,0.0,0.0,0.0,0.0,0.0,0.0,0.0,0.0,0.0,0.56,0.0,0.0,3.33,0.0,0.0,0.0,0.0,0.0
Tariq Lamptey,Brighton & Hove Albion,15,860,0.21,0.21,0.63,0.0,0.0,58.19,0.0,0.0,0.0,0.0,0.0,0.0,0.0,0.0,0.0,0.0,0.52,2.2,0.0,0.0,1.78,0.0,0.0,0.0,0.0,0.0
Yankuba Minteh,Brighton & Hove Albion,32,1841,0.29,0.2,1.66,0.39,0.39,45.56,44.0,37.59,1.08,0.29,12.51,8.7,0.49,11.54,5.43,5.77,1.37,1.37,0.98,0.29,2.35,10.07,5.04,1.81,0.78,0.0
Yasin Ayari,Brighton & Hove Albion,34,1966,0.09,0.05,1.28,0.09,0.09,59.97,33.83,29.85,0.73,0.23,8.79,7.1,0.18,9.75,3.39,5.17,1.01,1.14,0.6,0.41,2.7,6.96,3.43,0.82,0.37,0.0
Benoît Badiashile,Chelsea,5,333,0.0,0.0,0.0,0.0,0.0,92.43,0.0,0.0,0.0,0.0,0.0,0.0,0.0,0.0,0.0,0.0,0.0,3.24,0.0,0.0,2.43,0.0,0.0,0.0,0.0,0.0
Christopher Nkunku,Chelsea,27,911,0.3,0.0,2.47,2.27,0.59,48.01,54.04,45.25,7.31,1.09,31.12,24.7,0.3,31.61,12.25,7.61,1.68,0.89,1.19,0.3,1.19,16.5,8.89,4.25,1.68,0.0
Cole Palmer,Chelsea,37,3195,0.42,0.23,3.55,0.06,0.39,56.48,30.06,27.49,0.0,0.0,2.51,1.24,0.06,6.34,3.27,1.75,1.04,0.54,0.37,0.65,0.96,0.85,0.45,0.99,0.37,0.0
Enzo Fernández,Chelsea,36,2946,0.18,0.21,1.62,1.83,0.12,71.09,11.46,7.73,0.09,0.03,5.99,3.82,0.03,3.09,1.37,1.04,0.86,0.61,0.15,0.03,1.99,3.39,1.13,3.3,1.74,0.0
Filip Jørgensen,Chelsea,6,540,0.0,0.0,0.0,0.0,0.0,35.33,0.0,0.0,0.0,0.0,0.0,0.0,0.0,0.0,0.0,0.0,0.0,0.0,0.0,0.0,0.0,0.0,0.0,0.0,0.0,0.0
Jadon Sancho,Chelsea,31,1764,0.15,0.0,1.22,0.15,0.15,53.67,30.87,25.1,0.92,0.31,6.89,4.29,0.0,5.41,3.21,2.65,1.07,0.36,0.2,0.15,0.66,3.27,1.73,3.72,2.14,0.0
João Félix,Chelsea,12,364,0.25,0.25,4.95,0.0,0.99,73.19,0.0,0.0,0.0,0.0,0.0,0.0,0.0,0.0,0.0,0.0,0.99,0.49,0.0,0.0,1.98,0.0,0.0,0.0,0.0,0.0
Josh Acheampong,Chelsea,4,169,0.0,0.0,1.07,0.0,0.53,74.02,0.0,0.0,0.0,0.0,0.0,0.0,0.0,0.0,0.0,0.0,0.0,0.53,0.0,0.0,1.07,0.0,0.0,0.0,0.0,0.0
Kiernan Dewsbury-Hall,Chelsea,13,259,0.0,0.35,0.35,0.0,0.0,67.07,0.0,0.0,0.0,0.0,0.0,0.0,0.0,0.0,0.0,0.0,1.04,2.43,0.0,0.0,2.78,0.0,0.0,0.0,0.0,0.0
Levi Colwill,Chelsea,35,3149,0.06,0.03,0.49,0.11,0.14,84.74,39.38,32.27,1.37,0.4,12.86,9.52,0.09,7.29,3.86,5.34,0.23,3.32,1.17,0.31,1.34,5.89,2.97,2.14,1.17,0.0
Malo Gusto,Chelsea,32,1858,0.0,0.0,1.07,0.1,0.1,80.22,83.41,78.47,0.53,0.15,25.29,23.06,0.19,22.28,13.13,4.99,0.82,1.94,0.44,0.34,2.18,2.66,1.4,3.2,1.5,0.0
Marc Cucurella,Chelsea,36,2989,0.15,0.03,0.72,0.21,0.06,69.89,52.42,44.11,0.39,0.09,9.33,6.08,0.21,11.68,5.57,4.4,0.21,2.41,0.84,0.69,2.02,4.7,2.98,3.85,2.08,0.0
Marc Guiu,Chelsea,3,71,0.0,0.0,0.0,0.0,0.0,29.15,0.0,0.0,0.0,0.0,0.0,0.0,0.0,0.0,0.0,0.0,0.0,0.0,0.0,0.0,1.27,0.0,0.0,0.0,0.0,0.0
Mathis Amougou,Chelsea,1,7,0.0,0.0,0.0,0.0,0.0,128.57,0.0,0.0,0.0,0.0,0.0,0.0,0.0,0.0,0.0,0.0,12.86,0.0,0.0,0.0,0.0,0.0,0.0,0.0,0.0,0.0
Moisés Caicedo,Chelsea,38,3356,0.03,0.05,0.54,0.59,0.0,72.97,32.53,26.25,1.21,0.35,14.75,11.08,0.51,9.14,5.28,3.41,0.67,1.42,0.62,0.13,3.06,6.6,3.03,2.57,1.1,0.0
Mykhailo Mudryk,Chelsea,7,145,0.0,0.0,0.62,0.0,0.0,45.31,0.0,0.0,0.0,0.0,0.0,0.0,0.0,0.0,0.0,0.0,4.34,0.62,0.0,0.0,1.24,0.0,0.0,0.0,0.0,0.0
Nicolas Jackson,Chelsea,30,2238,0.4,0.2,3.06,1.29,0.76,30.92,24.09,20.15,2.53,0.44,11.74,9.09,0.04,14.56,9.73,3.38,1.65,0.6,0.4,0.0,0.88,8.36,3.82,1.21,0.44,0.0
Noni Madueke,Chelsea,32,2046,0.31,0.13,3.52,0.31,0.62,47.38,47.99,39.46,2.77,0.7,13.37,10.34,0.04,15.22,8.62,6.11,1.1,0.44,1.01,0.44,1.1,10.87,5.45,3.08,1.23,0.0
Pedro Neto,Chelsea,35,2268,0.16,0.0,2.34,0.32,0.12,49.37,57.14,43.45,5.28,1.35,22.22,14.76,0.16,14.09,7.98,6.03,1.19,0.16,1.43,0.67,0.91,8.45,4.48,1.39,0.48,0.0
Reece James,Chelsea,19,1064,0.08,0.0,0.93,0.51,0.08,83.32,40.52,35.61,0.93,0.17,15.31,13.45,0.0,9.98,5.24,2.96,0.76,1.78,0.76,0.51,0.85,6.43,3.55,3.13,1.86,0.0
Renato Veiga,Chelsea,7,177,0.0,0.0,1.53,0.0,0.51,87.46,0.0,0.0,0.0,0.0,0.0,0.0,0.0,0.0,0.0,0.0,0.0,1.02,0.0,0.0,4.58,0.0,0.0,0.0,0.0,0.0
Robert Sánchez,Chelsea,32,2880,0.0,0.0,0.0,0.0,0.0,45.09,0.0,0.0,0.0,0.0,0.0,0.0,0.0,0.0,0.0,0.0,0.0,1.12,0.0,0.0,0.0,0.0,0.0,0.0,0.0,1.06
Roméo Lavia,Chelsea,16,801,0.0,0.11,0.22,0.0,0.0,59.1,0.0,0.0,0.0,0.0,0.0,0.0,0.0,0.0,0.0,0.0,0.79,1.12,0.0,0.0,2.47,0.0,0.0,0.0,0.0,0.0
Shumaira Mheuka,Chelsea,1,1,0.0,0.0,90.0,0.0,0.0,180.0,0.0,0.0,0.0,0.0,0.0,0.0,0.0,0.0,0.0,0.0,0.0,0.0,0.0,0.0,0.0,0.0,0.0,0.0,0.0,0.0
Tosin Adarabioyo,Chelsea,22,1404,0.06,0.06,0.83,0.19,0.13,86.41,106.73,92.37,0.83,0.19,12.56,8.53,0.0,24.81,13.78,7.44,0.0,5.06,1.6,0.96,1.09,9.81,6.15,5.13,3.4,0.0
Trevoh Chalobah,Chelsea,25,1974,0.14,0.05,0.82,0.09,0.09,64.7,48.15,40.9,0.14,0.05,10.81,7.89,0.09,10.4,4.24,5.2,0.41,4.74,1.46,0.46,1.41,9.35,4.92,2.23,1.41,0.0
Tyrique George,Chelsea,8,178,0.51,0.0,1.52,0.0,0.51,36.91,0.0,0.0,0.0,0.0,0.0,0.0,0.0,0.0,0.0,0.0,0.0,0.51,0.0,0.0,1.01,0.0,0.0,0.0,0.0,0.0
Wesley Fofana,Chelsea,14,1176,0.0,0.0,0.23,0.61,0.0,73.93,76.76,63.21,2.3,0.38,17.22,11.56,0.31,15.38,7.27,9.72,0.38,3.98,2.37,1.3,0.99,17.98,8.88,9.26,4.67,0.0
Adam Wharton,Crystal Palace,20,1326,0.0,0.14,0.88,0.34,0.0,61.97,46.09,36.24,1.22,0.34,16.63,11.4,0.34,9.84,5.09,6.92,0.88,1.83,1.36,0.14,2.31,7.87,3.87,1.56,0.48,0.0
Asher Agbinone,Crystal Palace,2,4,0.0,0.0,22.5,0.0,0.0,202.5,0.0,0.0,0.0,0.0,0.0,0.0,0.0,0.0,0.0,0.0,22.5,0.0,0.0,0.0,45.0,0.0,0.0,0.0,0.0,0.0
Ben Chilwell,Crystal Palace,8,254,0.35,0.0,1.77,0.0,0.0,66.26,0.0,0.0,0.0,0.0,0.0,0.0,0.0,0.0,0.0,0.0,0.71,3.9,0.0,0.0,2.48,0.0,0.0,0.0,0.0,0.0
Caleb Kporha,Crystal Palace,2,11,0.0,0.0,0.0,0.0,0.0,106.36,0.0,0.0,0.0,0.0,0.0,0.0,0.0,0.0,0.0,0.0,0.0,8.18,0.0,0.0,16.36,0.0,0.0,0.0,0.0,0.0
Chadi Riad,Crystal Palace,1,90,0.0,0.0,0.0,0.0,0.0,91.0,0.0,0.0,0.0,0.0,0.0,0.0,0.0,0.0,0.0,0.0,0.0,0.0,0.0,0.0,5.0,0.0,0.0,0.0,0.0,0.0
Cheick Doucouré,Crystal Palace,13,445,0.0,0.0,1.42,0.0,0.0,57.84,0.0,0.0,0.0,0.0,0.0,0.0,0.0,0.0,0.0,0.0,1.42,2.02,0.0,0.0,3.24,0.0,0.0,0.0,0.0,0.0
Chris Richards,Crystal Palace,24,1924,0.05,0.0,0.56,1.64,0.09,53.7,22.64,14.69,0.05,0.05,9.54,5.01,0.09,3.41,1.5,2.34,0.23,5.29,0.23,0.28,2.2,4.68,1.59,11.23,4.4,0.0
Daichi Kamada,Crystal Palace,34,1553,0.0,0.0,1.16,0.41,0.0,57.14,115.56,102.4,0.17,0.0,9.5,5.62,0.0,24.86,9.45,5.97,1.16,0.81,1.56,1.39,2.72,6.03,3.01,12.98,8.58,0.0
Daniel Muñoz,Crystal Palace,37,3233,0.11,0.14,1.03,0.67,0.22,58.65,13.5,11.55,0.08,0.0,5.51,4.51,0.0,4.2,1.7,1.28,0.56,2.62,0.14,0.11,3.42,3.67,1.73,1.36,0.47,0.0
Dean Henderson,Crystal Palace,38,3420,0.0,0.0,0.03,0.0,0.0,37.03,0.0,0.0,0.0,0.0,0.0,0.0,0.0,0.0,0.0,0.0,0.0,1.05,0.0,0.0,0.05,0.0,0.0,0.0,0.0,1.34
Eberechi Eze,Crystal Palace,34,2600,0.28,0.28,3.53,0.55,0.28,54.9,8.13,6.16,0.17,0.0,3.46,2.39,0.07,3.95,2.53,0.9,1.56,0.28,0.1,0.0,1.35,4.12,1.9,2.04,0.73,0.0
Eddie Nketiah,Crystal Palace,29,1026,0.26,0.0,3.77,0.09,0.88,40.79,86.58,74.91,0.53,0.35,21.75,16.75,0.26,22.89,9.74,7.72,1.49,0.88,1.58,0.7,1.32,14.82,7.19,4.74,2.63,0.0
Ismaïla Sarr,Crystal Palace,38,2714,0.27,0.2,1.96,0.07,0.56,39.73,25.04,21.92,0.03,0.0,2.85,1.79,0.0,5.34,2.59,1.49,1.43,1.26,0.3,0.23,0.73,1.59,1.03,1.09,0.66,0.0
Jean-Philippe Mateta,Crystal Palace,37,2654,0.47,0.07,2.37,0.17,0.61,28.32,18.69,15.57,1.29,0.37,6.21,4.48,0.17,7.02,3.9,2.1,1.53,0.75,0.34,0.1,0.61,6.65,3.39,0.98,0.34,0.0
Jefferson Lerma,Crystal Palace,33,2277,0.0,0.04,1.03,0.04,0.0,58.3,28.93,24.86,0.4,0.08,6.44,4.86,0.04,7.43,3.79,4.23,0.71,3.08,1.11,0.4,1.38,7.15,3.72,1.38,0.51,0.0
Jeffrey Schlupp,Crystal Palace,12,95,0.0,0.0,3.79,0.0,0.0,75.79,0.0,0.0,0.0,0.0,0.0,0.0,0.0,0.0,0.0,0.0,0.0,0.95,0.0,0.0,1.89,0.0,0.0,0.0,0.0,0.0
Joel Ward,Crystal Palace,2,72,0.0,0.0,0.0,0.0,0.0,40.0,0.0,0.0,0.0,0.0,0.0,0.0,0.0,0.0,0.0,0.0,0.0,3.75,0.0,0.0,2.5,0.0,0.0,0.0,0.0,0.0
Jordan Ayew,Crystal Palace,31,1664,0.27,0.0,1.78,0.05,0.22,50.68,41.86,34.51,1.3,0.43,11.95,8.87,0.11,10.98,5.52,3.68,2.22,0.97,1.03,0.38,0.0,7.79,4.87,2.22,1.19,0.0
Justin Devenny,Crystal Palace,23,496,0.18,0.18,1.81,0.0,0.18,52.26,0.0,0.0,0.0,0.0,0.0,0.0,0.0,0.0,0.0,0.0,0.54,2.0,0.0,0.0,3.08,0.0,0.0,0.0,0.0,0.0
Marc Guéhi,Crystal Palace,34,3059,0.09,0.06,0.44,0.0,0.06,64.9,20.98,16.24,0.32,0.09,6.47,3.44,0.0,5.88,3.03,2.09,0.53,4.59,0.41,0.21,1.79,2.94,1.53,1.82,0.97,0.0
Matheus França,Crystal Palace,4,52,1.73,0.0,10.38,0.0,0.0,58.85,0.0,0.0,0.0,0.0,0.0,0.0,0.0,0.0,0.0,0.0,0.0,1.73,0.0,0.0,3.46,0.0,0.0,0.0,0.0,0.0
Maxence Lacroix,Crystal Palace,35,3118,0.03,0.03,0.87,0.09,0.09,57.47,56.23,48.95,0.12,0.0,6.78,4.7,0.0,10.91,6.12,4.21,0.17,5.86,1.1,1.15,1.96,2.89,1.96,4.88,3.26,0.0
Nathaniel Clyne,Crystal Palace,13,481,0.0,0.0,0.37,0.0,0.0,51.64,0.0,0.0,0.0,0.0,0.0,0.0,0.0,0.0,0.0,0.0,0.37,2.43,0.0,0.0,2.25,0.0,0.0,0.0,0.0,0.0
Romain Esse,Crystal Palace,7,135,0.67,0.67,0.67,0.0,0.0,53.33,0.0,0.0,0.0,0.0,0.0,0.0,0.0,0.0,0.0,0.0,1.33,0.67,0.0,0.0,6.0,0.0,0.0,0.0,0.0,0.0
Tyrick Mitchell,Crystal Palace,37,3102,0.0,0.15,0.35,0.03,0.06,53.33,19.58,17.29,0.03,0.0,2.52,1.94,0.0,5.37,2.7,1.1,0.87,2.76,0.2,0.32,2.64,0.67,0.55,1.48,0.81,0.0
Will Hughes,Crystal Palace,33,2118,0.0,0.13,0.93,0.13,0.0,54.31,108.23,102.37,0.13,0.0,13.51,11.39,0.04,20.4,11.05,6.54,1.27,1.1,0.89,0.64,2.8,5.82,3.82,4.25,2.63,0.0
Abdoulaye Doucouré,Everton,33,2577,0.1,0.07,1.08,0.35,0.14,42.99,30.56,25.29,0.8,0.03,10.65,8.14,0.0,6.98,3.77,5.24,1.33,0.66,0.35,0.21,1.68,7.33,2.69,2.62,1.05,0.0
Adam Armstrong,Everton,20,1252,0.14,0.14,1.87,0.65,0.36,29.11,19.34,16.17,1.01,0.22,7.98,6.11,0.0,6.83,3.02,1.65,1.29,0.58,0.22,0.07,0.86,5.18,1.65,1.01,0.36,0.0
Armando Broja,Everton,10,331,0.0,0.0,1.09,0.0,0.0,41.33,0.0,0.0,0.0,0.0,0.0,0.0,0.0,0.0,0.0,0.0,3.53,1.09,0.0,0.0,0.82,0.0,0.0,0.0,0.0,0.0
Ashley Young,Everton,32,1869,0.05,0.14,0.29,0.0,0.0,59.61,32.31,27.83,0.48,0.1,8.43,6.74,0.0,6.26,3.03,2.36,0.05,2.7,1.11,0.48,2.79,3.8,2.22,1.97,1.11,0.0
Beto,Everton,30,1528,0.47,0.0,2.89,0.41,0.71,35.4,56.25,45.18,2.83,0.53,20.32,14.78,0.65,18.44,9.19,5.42,2.18,1.41,0.35,0.24,0.82,11.96,5.71,2.53,1.12,0.0
Carlos Alcaraz,Everton,16,770,0.23,0.35,3.16,0.0,0.12,50.14,0.0,0.0,0.0,0.0,0.0,0.0,0.0,0.0,0.0,0.0,1.52,1.17,0.0,0.0,1.29,0.0,0.0,0.0,0.0,0.0
Dominic Calvert-Lewin,Everton,26,1613,0.17,0.06,2.79,1.45,0.89,33.25,19.7,14.06,0.22,0.06,8.37,5.58,0.17,8.76,4.13,2.12,1.84,1.28,0.06,0.5,0.5,11.05,3.96,5.97,2.57,0.0
Dwight McNeil,Everton,21,1371,0.26,0.0,1.64,1.9,0.07,54.29,60.0,48.91,1.9,0.46,23.11,15.69,0.72,26.13,11.55,9.58,2.17,0.13,0.72,0.0,0.85,19.43,10.31,2.89,0.46,0.0
Harrison Armstrong,Everton,3,47,0.0,0.0,1.91,0.0,1.91,49.79,0.0,0.0,0.0,0.0,0.0,0.0,0.0,0.0,0.0,0.0,5.74,1.91,0.0,0.0,0.0,0.0,0.0,0.0,0.0,0.0
Idrissa Gueye,Everton,37,3067,0.0,0.09,0.79,0.0,0.03,56.64,20.92,19.4,0.12,0.03,2.41,1.97,0.09,6.46,4.17,1.23,1.12,1.0,0.12,0.41,3.9,0.94,0.47,0.41,0.23,0.0
Iliman Ndiaye,Everton,33,2440,0.33,0.0,1.36,0.26,0.11,45.96,60.27,55.66,0.63,0.07,21.39,18.96,0.26,16.08,7.16,4.28,1.62,0.55,0.48,0.0,1.95,5.13,2.55,0.92,0.52,0.0
Jack Harrison,Everton,34,2083,0.04,0.0,1.25,0.43,0.17,44.98,40.74,34.7,0.65,0.13,11.06,8.12,0.0,6.57,3.2,2.72,1.77,1.34,0.69,0.13,1.38,3.54,1.64,1.56,0.86,0.0
Jake O'Brien,Everton,20,1569,0.11,0.0,0.34,0.06,0.06,52.54,41.82,38.43,0.11,0.0,8.09,6.54,0.17,7.8,3.79,1.78,0.29,5.11,0.34,0.46,1.49,2.7,1.66,1.38,0.63,0.0
James Garner,Everton,21,1594,0.0,0.06,0.68,0.4,0.0,57.82,69.62,54.37,3.16,0.62,16.49,10.56,0.06,11.97,6.38,4.97,0.51,1.92,2.6,0.96,2.65,10.67,6.27,7.06,3.9,0.0
James Tarkowski,Everton,33,2924,0.03,0.0,0.46,0.18,0.06,54.51,26.93,24.69,0.28,0.06,6.77,5.63,0.0,4.8,1.91,2.19,0.22,6.43,0.4,0.15,1.97,2.19,0.98,0.71,0.4,0.0
Jarrad Branthwaite,Everton,30,2510,0.0,0.04,0.36,1.33,0.07,55.86,25.1,19.86,2.15,0.36,11.98,8.39,0.25,13.27,7.67,4.63,0.14,6.74,0.57,0.14,1.29,11.8,4.88,2.15,0.43,0.0
Jesper Lindstrøm,Everton,25,1240,0.0,0.07,2.03,0.51,0.29,49.28,74.83,66.99,0.73,0.15,18.94,15.17,0.15,20.54,10.23,8.13,1.74,1.02,1.45,0.8,3.27,12.63,6.9,3.63,1.89,0.0
Jordan Pickford,Everton,38,3420,0.0,0.0,0.0,0.0,0.0,47.95,0.0,0.0,0.0,0.0,0.0,0.0,0.0,0.0,0.0,0.0,0.0,1.37,0.0,0.0,0.03,0.0,0.0,0.0,0.0,1.16
Michael Keane,Everton,14,1046,0.26,0.0,0.86,0.17,0.09,44.57,68.58,62.38,0.0,0.0,7.4,5.94,0.0,16.18,6.63,5.42,0.0,5.59,0.86,0.69,1.03,4.13,1.98,3.36,1.63,0.0
Nathan Patterson,Everton,10,345,0.0,0.0,0.26,0.0,0.0,58.96,0.0,0.0,0.0,0.0,0.0,0.0,0.0,0.0,0.0,0.0,0.0,1.3,0.0,0.0,2.87,0.0,0.0,0.0,0.0,0.0
Orel Mangala,Everton,19,1255,0.07,0.0,1.15,0.93,0.0,47.55,71.64,62.75,1.0,0.14,20.29,17.07,0.07,23.88,9.61,8.25,0.86,1.51,2.15,0.72,1.15,12.84,6.81,5.67,2.44,0.0
Roman Dixon,Everton,1,90,0.0,0.0,0.0,0.0,0.0,38.0,0.0,0.0,0.0,0.0,0.0,0.0,0.0,0.0,0.0,0.0,0.0,2.0,0.0,0.0,5.0,0.0,0.0,0.0,0.0,0.0
Séamus Coleman,Everton,5,215,0.0,0.0,0.42,0.0,0.42,53.16,0.0,0.0,0.0,0.0,0.0,0.0,0.0,0.0,0.0,0.0,0.42,2.93,0.0,0.0,1.26,0.0,0.0,0.0,0.0,0.0
Tim Iroegbunam,Everton,18,564,0.0,0.0,0.8,0.0,0.0,49.63,0.0,0.0,0.0,0.0,0.0,0.0,0.0,0.0,0.0,0.0,2.87,1.76,0.0,0.0,4.63,0.0,0.0,0.0,0.0,0.0
Vitalii Mykolenko,Everton,35,3084,0.03,0.0,0.41,0.12,0.0,50.89,29.62,25.01,0.85,0.23,9.22,6.89,0.09,6.16,2.45,3.12,0.32,3.94,0.79,0.26,1.84,3.21,1.63,0.93,0.55,0.0
Youssef Chermiti,Everton,4,42,0.0,0.0,6.43,0.0,0.0,38.57,0.0,0.0,0.0,0.0,0.0,0.0,0.0,0.0,0.0,0.0,2.14,0.0,0.0,0.0,0.0,0.0,0.0,0.0,0.0,0.0
Adama Traoré,Fulham,36,1769,0.1,0.36,1.98,0.61,0.36,45.18,24.62,19.99,5.09,1.53,12.11,9.67,0.31,16.03,9.51,4.43,1.27,0.2,0.05,0.0,1.02,9.77,5.09,2.65,1.27,0.0
Alex Iwobi,Fulham,38,2994,0.27,0.0,2.04,0.87,0.09,59.61,41.36,33.1,3.73,0.75,20.38,15.27,0.45,15.66,8.45,4.21,1.2,0.84,0.42,0.03,1.32,6.67,3.31,1.14,0.21,0.0
Andreas Pereira,Fulham,33,2022,0.09,0.18,1.74,0.13,0.18,53.64,68.59,60.36,3.78,0.93,22.08,17.8,0.18,12.11,7.48,4.67,0.98,0.71,0.93,0.18,1.07,4.76,2.4,0.93,0.31,0.0
Antonee Robinson,Fulham,36,3167,0.0,0.28,0.45,0.03,0.03,75.22,30.66,27.4,0.37,0.0,3.44,2.33,0.03,8.21,3.15,1.96,0.57,3.5,0.54,0.28,2.7,2.19,0.97,0.63,0.31,0.0
Bernd Leno,Fulham,38,3420,0.0,0.03,0.0,0.0,0.0,41.74,0.0,0.0,0.0,0.0,0.0,0.0,0.0,0.0,0.0,0.0,0.0,0.84,0.0,0.0,0.05,0.0,0.0,0.0,0.0,1.42
Calvin Bassey,Fulham,35,3074,0.03,0.0,0.41,0.32,0.03,74.25,7.23,6.0,0.09,0.0,2.4,1.9,0.06,2.46,1.32,1.02,0.23,3.31,0.06,0.03,1.58,3.19,1.2,1.14,0.26,0.0
Carlos Vinícius,Fulham,3,13,0.0,0.0,6.92,0.0,0.0,69.23,0.0,0.0,0.0,0.0,0.0,0.0,0.0,0.0,0.0,0.0,0.0,0.0,0.0,0.0,0.0,0.0,0.0,0.0,0.0,0.0
Emile Smith Rowe,Fulham,34,2061,0.26,0.13,1.62,0.09,0.09,55.85,43.49,37.34,0.09,0.0,4.98,2.66,0.04,11.66,4.67,3.62,0.79,0.7,0.52,0.57,1.35,2.79,1.92,2.01,1.14,0.0
Harrison Reed,Fulham,12,92,0.0,0.0,2.93,0.0,0.0,79.24,0.0,0.0,0.0,0.0,0.0,0.0,0.0,0.0,0.0,0.0,0.0,1.96,0.0,0.0,5.87,0.0,0.0,0.0,0.0,0.0
Harry Wilson,Fulham,25,1157,0.47,0.0,3.34,0.31,0.16,49.39,78.02,69.39,1.01,0.47,16.96,13.85,0.31,16.88,7.39,8.25,0.47,0.7,0.7,0.54,1.56,6.38,3.11,1.09,0.62,0.0
Issa Diop,Fulham,21,1335,0.0,0.0,0.34,0.13,0.07,61.42,24.94,19.69,0.54,0.07,10.79,8.22,0.07,11.66,5.66,5.06,0.13,4.72,0.47,0.0,1.75,10.11,5.39,1.69,0.47,0.0
Jay Stansfield,Fulham,1,1,0.0,0.0,0.0,0.0,0.0,0.0,0.0,0.0,0.0,0.0,0.0,0.0,0.0,0.0,0.0,0.0,0.0,0.0,0.0,0.0,0.0,0.0,0.0,0.0,0.0,0.0
Joachim Andersen,Fulham,30,2663,0.0,0.0,0.68,0.1,0.0,83.34,11.42,9.94,0.61,0.03,5.14,4.33,0.0,5.07,2.94,1.35,0.14,6.52,0.2,0.2,0.0,4.29,1.86,0.68,0.17,0.0
Jorge Cuenca,Fulham,8,350,0.0,0.0,0.26,0.0,0.0,56.06,0.0,0.0,0.0,0.0,0.0,0.0,0.0,0.0,0.0,0.0,0.0,6.69,0.0,0.0,1.54,0.0,0.0,0.0,0.0,0.0
Josh King,Fulham,8,126,0.0,0.0,2.14,0.0,0.0,71.43,0.0,0.0,0.0,0.0,0.0,0.0,0.0,0.0,0.0,0.0,4.29,0.71,0.0,0.0,5.0,0.0,0.0,0.0,0.0,0.0
Kenny Tete,Fulham,22,1779,0.0,0.1,1.21,0.91,0.05,63.74,52.01,43.15,4.0,0.71,30.86,23.93,0.76,13.51,6.73,3.24,0.51,3.14,0.35,0.0,2.83,6.42,2.43,1.06,0.25,0.0
Martial Godo,Fulham,2,21,0.0,0.0,0.0,0.0,0.0,111.43,0.0,0.0,0.0,0.0,0.0,0.0,0.0,0.0,0.0,0.0,0.0,0.0,0.0,0.0,0.0,0.0,0.0,0.0,0.0,0.0
Raúl Jiménez,Fulham,38,2505,0.0,0.11,3.45,1.19,0.5,39.92,22.1,16.13,0.83,0.18,9.34,6.36,0.11,6.57,3.05,2.87,1.62,0.83,0.36,0.18,1.26,7.83,3.45,6.93,3.31,0.0
Reiss Nelson,Fulham,12,488,0.18,0.18,2.21,0.0,0.18,69.34,0.0,0.0,0.0,0.0,0.0,0.0,0.0,0.0,0.0,0.0,1.48,0.37,0.0,0.0,1.66,0.0,0.0,0.0,0.0,0.0
Rodrigo Muniz,Fulham,31,951,0.76,0.09,3.69,1.14,0.47,35.11,94.54,77.6,2.18,0.57,34.35,25.74,0.76,24.61,11.92,17.22,2.27,1.32,2.84,1.04,0.95,21.86,10.03,4.83,2.08,0.0
Ryan Sessegnon,Fulham,16,580,0.62,0.31,2.17,0.0,0.31,60.36,0.0,0.0,0.0,0.0,0.0,0.0,0.0,0.0,0.0,0.0,1.24,2.02,0.0,0.0,4.19,0.0,0.0,0.0,0.0,0.0
Sander Berge,Fulham,31,2227,0.0,0.0,0.12,0.48,0.04,58.03,59.12,50.8,1.21,0.24,17.58,13.66,0.28,15.2,6.39,7.15,0.65,1.5,1.37,0.44,2.02,8.85,4.85,1.01,0.48,0.0
Sasa Lukic,Fulham,30,2355,0.0,0.08,0.69,0.8,0.08,59.08,29.16,25.45,2.68,0.61,18.54,15.71,0.19,18.0,9.78,3.02,0.31,1.22,0.23,0.08,2.6,7.87,3.94,0.11,0.04,0.0
Timothy Castagne,Fulham,24,1643,0.0,0.05,0.44,0.11,0.05,65.4,74.11,64.75,2.85,0.6,22.46,18.51,0.05,21.03,12.33,10.35,0.27,4.11,1.26,0.6,2.52,11.45,6.24,3.4,1.48,0.0
Tom Cairney,Fulham,25,615,0.29,0.0,1.61,0.0,0.0,104.34,0.0,0.0,0.0,0.0,0.0,0.0,0.0,0.0,0.0,0.0,0.59,0.44,0.0,0.0,1.9,0.0,0.0,0.0,0.0,0.0
Willian,Fulham,10,253,0.0,0.0,2.49,0.0,0.0,82.89,0.0,0.0,0.0,0.0,0.0,0.0,0.0,0.0,0.0,0.0,0.36,0.36,0.0,0.0,1.42,0.0,0.0,0.0,0.0,0.0
Alex Palmer,Ipswich Town,13,1170,0.0,0.0,0.0,0.0,0.0,40.31,0.0,0.0,0.0,0.0,0.0,0.0,0.0,0.0,0.0,0.0,0.0,1.62,0.0,0.0,0.0,0.0,0.0,0.0,0.0,2.31
Ali Al-Hamadi,Ipswich Town,11,125,0.0,0.0,2.88,0.0,0.0,46.08,0.0,0.0,0.0,0.0,0.0,0.0,0.0,0.0,0.0,0.0,2.88,1.44,0.0,0.0,0.72,0.0,0.0,0.0,0.0,0.0
Arijanet Muric,Ipswich Town,18,1620,0.0,0.0,0.0,0.0,0.0,42.94,0.0,0.0,0.0,0.0,0.0,0.0,0.0,0.0,0.0,0.0,0.0,1.11,0.0,0.0,0.0,0.0,0.0,0.0,0.0,1.83
Axel Tuanzebe,Ipswich Town,22,1717,0.0,0.0,0.21,0.05,0.05,52.99,52.99,46.65,0.21,0.05,5.5,3.09,0.05,10.85,5.4,2.15,0.05,2.83,0.63,0.94,1.62,2.52,1.26,5.14,2.78,0.0
Ben Godfrey,Ipswich Town,3,159,0.0,0.0,0.0,0.0,0.0,39.06,0.0,0.0,0.0,0.0,0.0,0.0,0.0,0.0,0.0,0.0,0.57,1.7,0.0,0.0,0.57,0.0,0.0,0.0,0.0,0.0
Ben Johnson,Ipswich Town,23,1348,0.07,0.13,0.47,0.13,0.2,44.07,39.39,34.05,1.14,0.2,14.69,11.62,0.07,6.14,4.01,2.47,1.14,3.54,1.07,0.53,2.54,4.47,1.67,1.8,1.2,0.0
Cameron Burgess,Ipswich Town,18,1540,0.0,0.12,0.58,0.64,0.12,58.09,75.97,66.8,0.53,0.18,18.82,14.49,0.41,24.25,11.69,11.51,0.0,7.31,2.69,0.64,0.99,17.12,9.35,3.86,2.28,0.0
Christian Walton,Ipswich Town,7,630,0.0,0.0,0.0,0.0,0.0,42.29,0.0,0.0,0.0,0.0,0.0,0.0,0.0,0.0,0.0,0.0,0.0,0.57,0.0,0.0,0.0,0.0,0.0,0.0,0.0,0.0
Conor Chaplin,Ipswich Town,22,854,0.11,0.11,1.69,0.0,0.11,43.31,0.0,0.0,0.0,0.0,0.0,0.0,0.0,0.0,0.0,0.0,0.53,0.32,0.0,0.0,1.58,0.0,0.0,0.0,0.0,0.0
Conor Townsend,Ipswich Town,6,335,0.0,0.0,0.27,0.0,0.0,48.36,0.0,0.0,0.0,0.0,0.0,0.0,0.0,0.0,0.0,0.0,0.54,3.76,0.0,0.0,2.96,0.0,0.0,0.0,0.0,0.0
Dara O'Shea,Ipswich Town,35,3123,0.0,0.0,0.63,0.37,0.06,59.45,6.46,4.61,0.09,0.03,3.43,2.1,0.03,1.84,1.18,1.18,0.12,6.28,0.12,0.0,1.41,3.26,1.24,1.56,0.58,0.0
George Edmundson,Ipswich Town,1,1,0.0,0.0,0.0,0.0,0.0,270.0,0.0,0.0,0.0,0.0,0.0,0.0,0.0,0.0,0.0,0.0,0.0,0.0,0.0,0.0,0.0,0.0,0.0,0.0,0.0,0.0
George Hirst,Ipswich Town,26,649,0.42,0.0,1.94,0.0,0.55,30.09,0.0,0.0,0.0,0.0,0.0,0.0,0.0,0.0,0.0,0.0,2.22,1.39,0.0,0.0,0.42,0.0,0.0,0.0,0.0,0.0
Harry Clarke,Ipswich Town,7,378,0.0,0.0,0.24,0.0,0.0,66.19,0.0,0.0,0.0,0.0,0.0,0.0,0.0,0.0,0.0,0.0,0.48,2.86,0.0,0.0,1.19,0.0,0.0,0.0,0.0,0.0
Jack Clarke,Ipswich Town,32,1170,0.0,0.31,1.31,0.54,0.15,48.08,39.46,28.92,6.85,1.23,18.0,11.46,0.31,16.85,10.08,5.62,1.69,1.77,0.77,0.15,2.46,16.31,6.46,2.46,0.31,0.0
Jack Taylor,Ipswich Town,32,838,0.11,0.0,2.04,0.0,0.11,59.39,0.0,0.0,0.0,0.0,0.0,0.0,0.0,0.0,0.0,0.0,0.64,2.26,0.0,0.0,2.15,0.0,0.0,0.0,0.0,0.0
Jacob Greaves,Ipswich Town,25,2205,0.04,0.0,0.41,0.61,0.08,59.06,34.45,26.0,4.86,0.9,17.1,12.53,0.2,12.86,7.02,4.0,0.0,5.88,0.53,0.0,1.63,7.39,3.18,0.86,0.2,0.0
Jaden Philogene,Ipswich Town,21,800,0.22,0.0,2.14,0.0,0.45,45.68,0.0,0.0,0.0,0.0,0.0,0.0,0.0,0.0,0.0,0.0,1.46,0.9,0.0,0.0,2.81,0.0,0.0,0.0,0.0,0.0
Jens Cajuste,Ipswich Town,30,1976,0.05,0.05,0.55,0.46,0.0,49.65,15.85,12.48,1.73,0.41,6.88,5.01,0.05,4.96,2.73,3.19,0.77,1.5,0.55,0.14,2.0,7.7,2.87,0.82,0.27,0.0
Julio Enciso,Ipswich Town,25,1164,0.15,0.23,4.02,0.7,0.08,54.66,54.12,45.7,4.56,0.85,36.65,29.54,0.62,42.22,28.3,4.87,3.02,0.54,0.31,0.08,0.93,23.51,13.22,1.01,0.0,0.0
Kalvin Phillips,Ipswich Town,19,1239,0.0,0.0,0.8,0.58,0.0,57.17,23.83,19.98,1.89,0.58,10.68,8.14,0.0,15.84,10.1,4.58,0.73,2.54,0.44,0.29,2.54,13.0,5.23,2.91,0.94,0.0
Leif Davis,Ipswich Town,33,2746,0.03,0.07,0.52,0.03,0.0,53.78,24.81,22.94,0.03,0.03,3.05,2.65,0.07,6.78,3.64,1.51,0.52,2.33,0.59,0.1,1.51,1.77,1.08,1.05,0.52,0.0
Liam Delap,Ipswich Town,37,2612,0.0,0.07,2.34,0.21,0.34,28.29,45.28,40.76,0.31,0.1,7.27,5.41,0.17,12.03,7.72,2.79,2.07,0.96,1.1,0.28,0.38,3.24,1.83,1.0,0.55,0.0
Luke Woolfenden,Ipswich Town,15,1186,0.0,0.0,0.08,0.15,0.0,53.27,33.54,27.55,2.35,0.3,9.87,7.89,0.0,8.2,4.63,2.96,0.0,5.77,0.3,0.38,0.68,5.46,2.66,1.82,0.76,0.0
Marcus Harness,Ipswich Town,2,43,0.0,0.0,0.0,0.0,0.0,46.05,0.0,0.0,0.0,0.0,0.0,0.0,0.0,0.0,0.0,0.0,0.0,2.09,0.0,0.0,2.09,0.0,0.0,0.0,0.0,0.0
Massimo Luongo,Ipswich Town,11,197,0.0,0.0,0.0,0.0,0.0,42.49,0.0,0.0,0.0,0.0,0.0,0.0,0.0,0.0,0.0,0.0,1.37,0.91,0.0,0.0,4.11,0.0,0.0,0.0,0.0,0.0
Nathan Broadhead,Ipswich Town,18,696,0.26,0.0,1.68,0.0,0.26,46.94,0.0,0.0,0.0,0.0,0.0,0.0,0.0,0.0,0.0,0.0,1.94,0.65,0.0,0.0,1.16,0.0,0.0,0.0,0.0,0.0
Omari Hutchinson,Ipswich Town,31,2590,0.1,0.07,1.56,0.21,0.07,48.61,16.78,15.15,0.21,0.03,5.11,4.38,0.0,3.96,1.36,1.7,2.02,0.24,0.73,0.07,1.11,3.3,1.63,0.49,0.21,0.0
Sam Morsy,Ipswich Town,33,2753,0.03,0.03,0.42,0.39,0.0,57.67,6.11,4.71,0.26,0.07,1.99,1.41,0.0,1.99,0.95,1.37,0.42,1.44,0.2,0.07,2.22,2.55,0.92,0.56,0.2,0.0
Sam Szmodics,Ipswich Town,20,1001,0.36,0.0,1.89,0.09,0.45,31.2,106.9,98.0,0.27,0.0,25.44,22.93,0.27,29.31,13.49,11.33,1.53,1.08,1.89,0.72,1.44,12.14,6.38,4.5,2.52,0.0
Abdul Fatawu,Leicester City,11,577,0.0,0.31,2.03,0.0,0.16,59.58,0.0,0.0,0.0,0.0,0.0,0.0,0.0,0.0,0.0,0.0,1.87,1.87,0.0,0.0,3.28,0.0,0.0,0.0,0.0,0.0
Bilal El Khannouss,Leicester City,32,2193,0.08,0.12,1.23,0.12,0.0,55.77,38.17,33.86,0.04,0.0,9.19,6.98,0.21,9.15,3.37,3.57,1.56,0.37,0.78,0.25,2.05,7.22,3.86,1.93,0.86,0.0
Bobby De Cordova-Reid,Leicester City,23,742,0.12,0.24,0.85,0.0,0.0,35.05,0.0,0.0,0.0,0.0,0.0,0.0,0.0,0.0,0.0,0.0,1.21,1.21,0.0,0.0,1.09,0.0,0.0,0.0,0.0,0.0
Boubakary Soumaré,Leicester City,31,2170,0.0,0.0,0.29,0.83,0.0,63.17,23.68,17.96,2.2,0.25,11.9,8.59,0.0,8.13,4.98,2.61,0.91,1.37,0.17,0.12,1.53,6.84,3.48,1.12,0.29,0.0
Caleb Okoli,Leicester City,19,1122,0.08,0.0,0.32,1.36,0.08,66.42,60.56,53.66,5.86,1.2,33.37,29.12,0.4,29.68,18.13,7.38,0.0,6.1,1.04,0.0,2.01,11.39,6.74,1.04,0.24,0.0
Conor Coady,Leicester City,22,1713,0.05,0.0,0.11,0.05,0.0,64.41,29.32,25.43,0.0,0.0,3.63,1.89,0.05,6.36,2.94,1.84,0.16,3.73,0.47,0.58,0.68,1.68,1.1,1.68,1.1,0.0
Danny Ward,Leicester City,2,135,0.0,0.0,0.0,0.0,0.0,39.33,0.0,0.0,0.0,0.0,0.0,0.0,0.0,0.0,0.0,0.0,0.0,0.67,0.0,0.0,0.0,0.0,0.0,0.0,0.0,0.0
Facundo Buonanotte,Leicester City,31,1513,0.3,0.12,2.14,0.18,0.12,58.77,65.67,59.66,0.24,0.0,12.79,10.65,0.42,13.27,6.42,4.94,2.32,0.71,1.9,0.54,3.15,11.3,5.71,2.02,1.01,0.0
Hamza Choudhury,Leicester City,4,130,0.0,0.0,0.0,0.0,0.0,71.31,0.0,0.0,0.0,0.0,0.0,0.0,0.0,0.0,0.0,0.0,0.0,1.38,0.0,0.0,0.69,0.0,0.0,0.0,0.0,0.0
Harry Winks,Leicester City,22,1540,0.0,0.12,0.58,1.23,0.0,69.78,32.03,26.3,2.75,0.82,16.95,13.27,0.29,16.25,9.18,3.21,0.47,1.05,0.35,0.12,1.4,8.18,3.56,1.29,0.41,0.0
Jake Evans,Leicester City,4,21,0.0,0.0,0.0,0.0,0.0,25.71,0.0,0.0,0.0,0.0,0.0,0.0,0.0,0.0,0.0,0.0,4.29,0.0,0.0,0.0,4.29,0.0,0.0,0.0,0.0,0.0
Jakub Stolarczyk,Leicester City,10,900,0.0,0.0,0.0,0.0,0.0,44.4,0.0,0.0,0.0,0.0,0.0,0.0,0.0,0.0,0.0,0.0,0.0,1.6,0.0,0.0,0.2,0.0,0.0,0.0,0.0,1.6
James Justin,Leicester City,36,2920,0.06,0.06,0.77,0.52,0.06,62.66,35.35,30.67,1.11,0.28,15.41,12.27,0.37,10.54,4.53,2.34,0.46,3.54,0.37,0.12,1.79,7.34,3.95,0.4,0.15,0.0
Jamie Vardy,Leicester City,35,2839,0.29,0.0,1.84,0.1,0.44,20.0,53.35,49.55,0.03,0.0,3.93,2.98,0.0,7.93,3.04,3.36,0.44,0.76,1.78,1.08,0.6,3.14,1.62,3.46,2.28,0.0
Jannik Vestergaard,Leicester City,18,1395,0.0,0.0,0.19,0.19,0.0,71.87,76.39,63.29,0.32,0.0,14.0,7.74,0.06,16.84,10.77,6.0,0.0,4.77,1.74,1.48,1.42,5.23,3.61,6.77,4.0,0.0
Jeremy Monga,Leicester City,7,105,0.0,0.0,2.57,0.0,0.0,48.86,0.0,0.0,0.0,0.0,0.0,0.0,0.0,0.0,0.0,0.0,0.0,0.86,0.0,0.0,1.71,0.0,0.0,0.0,0.0,0.0
Kasey McAteer,Leicester City,18,852,0.11,0.11,1.37,0.0,0.32,44.47,0.0,0.0,0.0,0.0,0.0,0.0,0.0,0.0,0.0,0.0,1.69,1.37,0.0,0.0,2.43,0.0,0.0,0.0,0.0,0.0
Luke Thomas,Leicester City,14,1112,0.0,0.0,0.4,0.0,0.0,64.67,45.24,40.06,0.0,0.0,5.18,2.91,0.0,12.14,6.56,3.08,0.32,3.64,1.54,1.05,2.51,1.54,0.89,2.43,1.21,0.0
Mads Hermansen,Leicester City,27,2385,0.0,0.0,0.0,0.0,0.0,47.25,0.0,0.0,0.0,0.0,0.0,0.0,0.0,0.0,0.0,0.0,0.0,1.25,0.0,0.0,0.04,0.0,0.0,0.0,0.0,2.19
Michael Golding,Leicester City,1,1,0.0,0.0,0.0,0.0,0.0,0.0,0.0,0.0,0.0,0.0,0.0,0.0,0.0,0.0,0.0,0.0,0.0,0.0,0.0,0.0,0.0,0.0,0.0,0.0,0.0,0.0
Odsonne Édouard,Leicester City,6,142,0.0,0.0,3.17,0.0,0.0,43.73,0.0,0.0,0.0,0.0,0.0,0.0,0.0,0.0,0.0,0.0,1.9,1.27,0.0,0.0,1.27,0.0,0.0,0.0,0.0,0.0
Olabade Aluko,Leicester City,1,1,0.0,0.0,0.0,0.0,0.0,810.0,0.0,0.0,0.0,0.0,0.0,0.0,0.0,0.0,0.0,0.0,90.0,0.0,0.0,0.0,90.0,0.0,0.0,0.0,0.0,0.0
Oliver Skipp,Leicester City,24,1120,0.0,0.0,0.4,3.21,0.0,51.67,33.27,24.67,0.56,0.0,16.96,11.57,0.08,13.02,8.44,3.46,0.56,0.8,0.64,0.24,1.69,13.18,4.26,10.12,4.18,0.0
Patson Daka,Leicester City,23,721,0.12,0.0,1.87,0.0,0.12,35.33,0.0,0.0,0.0,0.0,0.0,0.0,0.0,0.0,0.0,0.0,1.5,1.37,0.0,0.0,2.37,0.0,0.0,0.0,0.0,0.0
Ricardo Pereira,Leicester City,10,385,0.0,0.0,0.47,0.0,0.0,74.1,0.0,0.0,0.0,0.0,0.0,0.0,0.0,0.0,0.0,0.0,0.23,2.57,0.0,0.0,3.04,0.0,0.0,0.0,0.0,0.0
Stephy Mavididi,Leicester City,30,1613,0.22,0.06,1.45,0.45,0.17,53.4,118.51,104.45,0.56,0.06,19.31,14.06,0.17,24.89,13.84,6.86,1.95,0.73,1.67,2.23,1.9,5.58,2.51,6.31,3.52,0.0
Victor Kristiansen,Leicester City,30,2489,0.0,0.04,0.11,0.29,0.04,60.82,105.69,96.91,0.04,0.0,18.3,14.28,0.04,21.23,11.75,4.16,0.47,2.39,2.02,0.58,3.15,3.15,1.95,5.97,4.3,0.0
Wilfred Ndidi,Leicester City,28,2336,0.0,0.19,0.85,0.04,0.12,57.37,34.29,27.78,0.89,0.12,10.94,7.59,0.04,7.36,3.66,4.66,1.27,2.85,0.85,0.54,3.27,9.13,3.93,1.43,0.73,0.0
Will Alves,Leicester City,1,1,0.0,0.0,0.0,0.0,0.0,90.0,0.0,0.0,0.0,0.0,0.0,0.0,0.0,0.0,0.0,0.0,0.0,0.0,0.0,0.0,0.0,0.0,0.0,0.0,0.0,0.0
Wout Faes,Leicester City,34,2812,0.03,0.0,0.38,0.51,0.03,62.35,14.21,9.76,2.21,0.45,7.55,4.58,0.13,9.06,5.44,2.72,0.19,5.89,0.35,0.0,1.34,7.17,3.33,1.7,0.58,0.0
Woyo Coulibaly,Leicester City,4,107,0.0,0.0,1.68,0.0,0.0,68.13,0.0,0.0,0.0,0.0,0.0,0.0,0.0,0.0,0.0,0.0,0.0,0.84,0.0,0.0,5.05,0.0,0.0,0.0,0.0,0.0
Alexis Mac Allister,Liverpool,35,2607,0.17,0.17,1.31,0.59,0.07,67.46,29.48,25.34,0.52,0.31,12.53,10.18,0.1,13.01,7.22,3.76,0.76,0.0,0.38,0.07,3.28,7.53,3.69,0.86,0.35,0.0
Alisson Becker,Liverpool,28,2509,0.0,0.0,0.0,0.0,0.0,39.28,0.0,0.0,0.0,0.0,0.0,0.0,0.0,0.0,0.0,0.0,0.0,1.11,0.0,0.0,0.04,0.0,0.0,0.0,0.0,1.04
Andy Robertson,Liverpool,33,2492,0.0,0.0,0.54,0.87,0.07,76.89,22.83,17.73,2.74,0.47,12.64,9.03,0.11,10.22,7.44,3.21,0.47,1.52,0.22,0.04,1.41,7.01,3.29,2.2,0.87,0.0
Caoimhín Kelleher,Liverpool,10,900,0.0,0.0,0.0,0.0,0.0,42.5,0.0,0.0,0.0,0.0,0.0,0.0,0.0,0.0,0.0,0.0,0.0,0.3,0.0,0.0,0.0,0.0,0.0,0.0,0.0,1.2
Cody Gakpo,Liverpool,35,1938,0.46,0.19,2.65,2.37,0.28,45.09,60.84,50.57,3.58,0.93,30.42,23.45,1.02,25.77,12.72,4.92,1.11,0.74,0.51,0.05,0.0,11.98,6.73,0.42,0.09,0.0
Conor Bradley,Liverpool,19,748,0.0,0.24,1.2,0.0,0.12,83.74,0.0,0.0,0.0,0.0,0.0,0.0,0.0,0.0,0.0,0.0,0.6,3.01,0.0,0.0,1.68,0.0,0.0,0.0,0.0,0.0
Curtis Jones,Liverpool,33,1710,0.16,0.16,1.79,0.21,0.26,71.95,37.79,31.16,0.84,0.16,11.21,8.68,0.21,8.47,4.0,4.68,1.89,0.42,0.95,0.26,2.05,8.32,3.95,0.89,0.21,0.0
Darwin Núñez,Liverpool,30,1118,0.4,0.0,2.74,0.97,0.64,33.17,28.01,23.02,2.66,0.48,14.49,11.03,0.24,12.16,5.55,4.03,1.69,0.89,0.4,0.16,1.69,8.21,3.46,1.37,0.56,0.0
Diogo Jota,Liverpool,26,1194,0.45,0.23,3.84,0.23,1.06,40.4,73.79,64.07,1.88,0.68,20.05,15.53,0.15,21.93,12.81,8.22,1.66,0.45,1.58,0.6,1.06,14.92,8.14,2.64,1.58,0.0
Dominik Szoboszlai,Liverpool,36,2496,0.22,0.22,2.42,0.36,0.29,59.89,18.21,15.04,1.66,0.4,8.15,6.06,0.29,7.39,3.53,2.74,0.83,0.5,0.22,0.0,1.37,4.54,1.98,0.72,0.11,0.0
Federico Chiesa,Liverpool,6,104,0.0,0.0,4.33,0.0,0.87,45.0,0.0,0.0,0.0,0.0,0.0,0.0,0.0,0.0,0.0,0.0,3.46,0.87,0.0,0.0,0.87,0.0,0.0,0.0,0.0,0.0
Harvey Elliott,Liverpool,18,360,0.25,0.5,4.25,0.0,0.0,87.5,0.0,0.0,0.0,0.0,0.0,0.0,0.0,0.0,0.0,0.0,1.0,0.75,0.0,0.0,1.25,0.0,0.0,0.0,0.0,0.0
Ibrahima Konaté,Liverpool,31,2565,0.04,0.07,0.67,0.18,0.07,77.93,49.16,42.81,0.25,0.14,14.04,10.74,0.07,9.82,4.35,6.81,0.0,4.39,1.68,0.32,1.4,12.25,6.88,1.4,0.88,0.0
Jarell Quansah,Liverpool,13,488,0.0,0.0,0.18,0.0,0.0,86.68,0.0,0.0,0.0,0.0,0.0,0.0,0.0,0.0,0.0,0.0,0.0,4.98,0.0,0.0,2.21,0.0,0.0,0.0,0.0,0.0
Jayden Danns,Liverpool,1,10,0.0,0.0,0.0,0.0,0.0,27.0,0.0,0.0,0.0,0.0,0.0,0.0,0.0,0.0,0.0,0.0,9.0,0.0,0.0,0.0,0.0,0.0,0.0,0.0,0.0,0.0
Joe Gomez,Liverpool,9,519,0.0,0.0,0.52,0.0,0.17,85.14,0.0,0.0,0.0,0.0,0.0,0.0,0.0,0.0,0.0,0.0,0.35,3.29,0.0,0.0,2.25,0.0,0.0,0.0,0.0,0.0
Kostas Tsimikas,Liverpool,18,833,0.0,0.0,0.43,0.0,0.11,82.65,0.0,0.0,0.0,0.0,0.0,0.0,0.0,0.0,0.0,0.0,0.43,1.84,0.0,0.0,3.35,0.0,0.0,0.0,0.0,0.0
Luis Díaz,Liverpool,36,2410,0.0,0.19,2.65,0.0,0.41,49.11,19.31,16.24,0.56,0.11,3.81,2.5,0.0,3.36,1.61,1.57,1.83,0.26,0.78,0.22,1.46,3.25,1.64,0.9,0.49,0.0
Mohamed Salah,Liverpool,38,3377,0.77,0.48,3.46,0.59,0.64,49.68,20.49,18.42,2.16,0.56,7.3,6.18,0.05,11.59,6.16,3.68,1.79,0.13,0.11,0.03,0.56,11.59,5.17,1.36,0.29,0.0
Ryan Gravenberch,Liverpool,37,3168,0.0,0.11,0.57,0.26,0.03,69.94,21.22,17.56,0.23,0.0,6.56,4.97,0.0,3.69,1.76,2.95,0.74,1.62,0.74,0.28,1.96,5.43,2.76,2.22,1.36,0.0
Trent Alexander-Arnold,Liverpool,33,2377,0.11,0.23,1.7,0.27,0.08,87.88,41.42,35.74,0.38,0.04,6.44,4.62,0.08,6.97,3.52,3.22,0.57,1.82,1.1,0.45,2.73,3.94,2.31,2.88,1.7,0.0
Virgil van Dijk,Liverpool,37,3330,0.08,0.0,0.73,0.03,0.08,90.46,26.27,20.65,2.62,0.76,8.84,6.19,0.05,4.62,2.84,2.38,0.14,5.14,1.19,0.24,1.03,4.62,2.78,2.35,1.32,0.0
Vítezslav Jaros,Liverpool,1,11,0.0,0.0,0.0,0.0,0.0,90.0,0.0,0.0,0.0,0.0,0.0,0.0,0.0,0.0,0.0,0.0,0.0,8.18,0.0,0.0,0.0,0.0,0.0,0.0,0.0,0.0
Wataru Endo,Liverpool,20,261,0.0,0.0,0.0,0.0,0.0,87.24,0.0,0.0,0.0,0.0,0.0,0.0,0.0,0.0,0.0,0.0,1.03,2.76,0.0,0.0,4.14,0.0,0.0,0.0,0.0,0.0
Abdukodir Khusanov,Manchester City,6,504,0.0,0.0,0.18,0.0,0.0,80.36,0.0,0.0,0.0,0.0,0.0,0.0,0.0,0.0,0.0,0.0,0.18,5.0,0.0,0.0,0.89,0.0,0.0,0.0,0.0,0.0
Bernardo Silva,Manchester City,33,2667,0.13,0.0,1.08,0.78,0.1,72.99,8.91,5.23,0.13,0.03,3.88,1.79,0.03,3.17,1.55,1.35,1.15,0.0,0.13,0.07,1.89,4.93,1.89,6.88,3.34,0.0
Claudio Echeverri,Manchester City,1,5,0.0,0.0,0.0,0.0,0.0,90.0,0.0,0.0,0.0,0.0,0.0,0.0,0.0,0.0,0.0,0.0,18.0,0.0,0.0,0.0,18.0,0.0,0.0,0.0,0.0,0.0
Divin Mubama,Manchester City,1,27,0.0,0.0,3.33,0.0,0.0,16.67,0.0,0.0,0.0,0.0,0.0,0.0,0.0,0.0,0.0,0.0,0.0,0.0,0.0,0.0,0.0,0.0,0.0,0.0,0.0,0.0
Ederson,Manchester City,26,2321,0.0,0.0,0.0,0.0,0.0,39.44,0.0,0.0,0.0,0.0,0.0,0.0,0.0,0.0,0.0,0.0,0.0,0.62,0.0,0.0,0.0,0.0,0.0,0.0,0.0,1.01
Erling Haaland,Manchester City,31,2741,0.72,0.1,3.55,0.2,0.69,22.85,33.89,29.68,0.3,0.03,3.91,2.56,0.0,7.42,3.55,1.64,0.89,0.72,0.79,0.59,0.36,2.3,1.35,3.51,2.1,0.0
Ilkay Gündogan,Manchester City,33,2227,0.04,0.0,1.09,0.04,0.24,79.33,68.74,56.7,0.24,0.0,12.97,7.88,0.24,23.84,12.97,6.34,1.01,0.89,1.66,0.81,1.01,4.24,2.63,4.89,3.11,0.0
Jack Grealish,Manchester City,20,715,0.13,0.0,1.89,0.0,0.0,71.75,0.0,0.0,0.0,0.0,0.0,0.0,0.0,0.0,0.0,0.0,2.01,0.63,0.0,0.0,1.13,0.0,0.0,0.0,0.0,0.0
Jahmai Simpson-Pusey,Manchester City,2,95,0.0,0.0,0.0,0.0,0.0,118.42,0.0,0.0,0.0,0.0,0.0,0.0,0.0,0.0,0.0,0.0,0.0,1.89,0.0,0.0,0.95,0.0,0.0,0.0,0.0,0.0
James McAtee,Manchester City,15,342,0.79,0.0,3.16,0.0,0.79,45.79,0.0,0.0,0.0,0.0,0.0,0.0,0.0,0.0,0.0,0.0,0.0,0.26,0.0,0.0,1.32,0.0,0.0,0.0,0.0,0.0
Jérémy Doku,Manchester City,29,1513,0.18,0.36,1.73,0.36,0.0,71.92,122.18,101.36,0.77,0.18,25.52,15.64,0.0,25.88,13.38,7.67,3.51,0.12,2.02,1.55,1.84,4.76,2.8,6.9,4.52,0.0
John Stones,Manchester City,11,545,0.33,0.0,0.33,0.0,0.0,73.98,0.0,0.0,0.0,0.0,0.0,0.0,0.0,0.0,0.0,0.0,0.0,2.97,0.0,0.0,0.99,0.0,0.0,0.0,0.0,0.0
Josko Gvardiol,Manchester City,37,3279,0.14,0.0,1.1,0.11,0.22,87.67,32.44,28.52,0.77,0.11,11.56,9.61,0.05,7.55,4.5,2.58,0.44,3.05,0.6,0.11,1.59,5.43,3.05,1.15,0.6,0.0
Kevin De Bruyne,Manchester City,28,1704,0.21,0.37,3.01,1.43,0.26,75.26,23.66,15.21,2.01,0.26,13.79,8.61,0.05,10.93,6.39,4.38,1.48,0.42,0.26,0.21,0.9,11.94,5.65,8.98,4.75,0.0
Kyle Walker,Manchester City,15,967,0.0,0.0,0.47,0.56,0.0,84.6,139.14,125.93,4.75,0.74,40.21,33.69,0.47,48.77,29.32,12.56,0.19,1.02,1.77,1.3,1.58,24.11,12.47,2.98,1.02,0.0
Manuel Akanji,Manchester City,26,2014,0.0,0.0,0.67,0.18,0.09,84.91,40.08,35.53,0.31,0.13,9.52,7.64,0.09,9.43,4.29,5.45,0.22,2.77,1.21,0.18,0.85,10.77,5.72,1.61,0.8,0.0
Mateo Kovacic,Manchester City,31,2202,0.25,0.08,1.84,0.57,0.0,90.16,50.52,42.71,1.63,0.29,16.51,13.16,0.37,16.31,8.95,7.32,1.19,0.86,1.14,0.33,2.82,14.8,7.89,0.98,0.61,0.0
Matheus Nunes,Manchester City,26,1673,0.05,0.0,0.48,0.48,0.11,79.56,12.0,9.2,1.29,0.27,5.49,4.2,0.11,6.51,3.6,2.04,0.7,0.0,0.11,0.05,1.88,6.19,2.53,0.59,0.22,0.0
Nathan Aké,Manchester City,10,682,0.0,0.0,0.4,0.0,0.0,79.44,0.0,0.0,0.0,0.0,0.0,0.0,0.0,0.0,0.0,0.0,0.4,2.9,0.0,0.0,1.19,0.0,0.0,0.0,0.0,0.0
Nico González,Manchester City,11,763,0.12,0.0,1.06,0.0,0.24,86.46,0.0,0.0,0.0,0.0,0.0,0.0,0.0,0.0,0.0,0.0,1.3,2.48,0.0,0.0,1.89,0.0,0.0,0.0,0.0,0.0
Nico O'Reilly,Manchester City,9,527,0.34,0.0,1.37,0.0,0.0,76.34,0.0,0.0,0.0,0.0,0.0,0.0,0.0,0.0,0.0,0.0,2.56,1.71,0.0,0.0,1.54,0.0,0.0,0.0,0.0,0.0
Omar Marmoush,Manchester City,16,1182,0.53,0.0,3.73,1.45,0.23,42.72,60.0,50.63,5.79,1.22,22.54,17.36,0.3,30.84,16.98,8.38,1.45,0.23,0.84,0.15,0.99,23.98,9.75,2.51,0.53,0.0
Oscar Bobb,Manchester City,3,14,0.0,0.0,0.0,0.0,0.0,115.71,0.0,0.0,0.0,0.0,0.0,0.0,0.0,0.0,0.0,0.0,0.0,0.0,0.0,0.0,0.0,0.0,0.0,0.0,0.0,0.0
Phil Foden,Manchester City,28,1779,0.35,0.1,2.73,0.05,0.15,61.57,42.29,36.02,0.05,0.05,5.36,3.04,0.05,12.65,5.31,2.43,1.57,0.35,0.76,0.81,0.66,1.62,0.96,2.88,1.72,0.0
Rico Lewis,Manchester City,28,1891,0.05,0.1,0.48,0.29,0.1,74.2,50.83,44.83,0.19,0.1,12.99,10.85,0.19,12.09,4.76,5.76,0.9,1.9,1.9,0.38,1.43,6.66,2.81,3.24,1.71,0.0
Rodri,Manchester City,3,73,0.0,0.0,0.0,0.0,0.0,94.93,0.0,0.0,0.0,0.0,0.0,0.0,0.0,0.0,0.0,0.0,0.0,1.23,0.0,0.0,2.47,0.0,0.0,0.0,0.0,0.0
Rúben Dias,Manchester City,27,2269,0.0,0.0,0.83,0.2,0.04,99.72,75.52,67.59,0.28,0.16,21.42,17.61,0.32,20.11,9.6,7.66,0.04,2.78,2.38,0.4,0.67,11.26,6.27,1.59,1.03,0.0
Savinho,Manchester City,29,1770,0.05,0.41,2.8,0.31,0.31,61.42,61.47,52.68,0.36,0.15,9.71,6.0,0.0,12.05,6.46,4.93,1.93,0.46,1.07,1.88,1.17,4.58,2.44,8.75,4.78,0.0
Stefan Ortega,Manchester City,13,1099,0.0,0.0,0.0,0.0,0.0,42.26,0.0,0.0,0.0,0.0,0.0,0.0,0.0,0.0,0.0,0.0,0.0,1.15,0.0,0.0,0.0,0.0,0.0,0.0,0.0,1.47
Vitor Reis,Manchester City,1,1,0.0,0.0,0.0,0.0,0.0,360.0,0.0,0.0,0.0,0.0,0.0,0.0,0.0,0.0,0.0,0.0,0.0,90.0,0.0,0.0,0.0,0.0,0.0,0.0,0.0,0.0
Wes Burns,Manchester City,18,933,0.0,0.1,0.68,0.0,0.0,38.01,75.34,68.39,0.1,0.0,9.45,7.91,0.0,19.77,9.55,5.21,1.25,1.16,1.35,0.87,1.25,7.33,3.57,3.86,2.6,0.0
Alejandro Garnacho,Manchester United,36,2195,0.25,0.08,3.44,1.23,0.57,52.32,30.75,25.63,2.26,0.33,15.01,11.64,0.08,18.16,9.88,4.43,1.97,0.41,0.53,0.0,1.23,9.76,4.06,1.11,0.12,0.0
Altay Bayindir,Manchester United,4,360,0.0,0.0,0.0,0.0,0.0,44.75,0.0,0.0,0.0,0.0,0.0,0.0,0.0,0.0,0.0,0.0,0.0,3.5,0.0,0.0,0.0,0.0,0.0,0.0,0.0,0.0
Amad Diallo,Manchester United,26,1901,0.38,0.28,2.23,0.28,0.05,62.45,37.83,33.19,0.09,0.09,8.43,6.77,0.14,8.9,4.12,3.41,1.66,0.76,1.23,0.33,1.8,7.34,4.64,2.56,1.56,0.0
André Onana,Manchester United,34,3060,0.0,0.0,0.0,0.0,0.0,42.79,0.0,0.0,0.0,0.0,0.0,0.0,0.0,0.0,0.0,0.0,0.0,0.71,0.0,0.0,0.06,0.0,0.0,0.0,0.0,1.29
Antony,Manchester United,8,135,0.0,0.0,4.0,0.0,0.67,72.67,0.0,0.0,0.0,0.0,0.0,0.0,0.0,0.0,0.0,0.0,0.67,0.0,0.0,0.0,4.0,0.0,0.0,0.0,0.0,0.0
Ayden Heaven,Manchester United,4,171,0.0,0.0,1.05,0.0,0.0,75.79,0.0,0.0,0.0,0.0,0.0,0.0,0.0,0.0,0.0,0.0,0.53,4.21,0.0,0.0,2.11,0.0,0.0,0.0,0.0,0.0
Bruno Fernandes,Manchester United,36,3024,0.24,0.3,2.86,0.45,0.3,82.77,52.32,43.78,0.54,0.18,20.98,15.83,0.65,17.53,7.56,5.6,1.28,0.89,0.86,0.3,2.5,12.68,6.67,1.13,0.57,0.0
Casemiro,Manchester United,24,1497,0.06,0.0,1.92,0.36,0.06,78.04,50.08,40.7,0.3,0.06,5.59,2.59,0.12,9.56,3.85,3.07,0.6,2.89,1.14,0.78,4.99,5.41,3.13,5.41,2.95,0.0
Chido Obi,Manchester United,7,160,0.0,0.0,2.81,0.0,0.0,27.56,0.0,0.0,0.0,0.0,0.0,0.0,0.0,0.0,0.0,0.0,0.0,0.56,0.0,0.0,1.12,0.0,0.0,0.0,0.0,0.0
Christian Eriksen,Manchester United,23,1059,0.08,0.17,1.27,1.36,0.0,73.51,118.47,97.99,1.44,0.42,33.74,24.22,0.34,17.25,7.22,16.4,0.42,0.68,4.16,1.7,1.61,17.93,9.43,7.14,4.42,0.0
Diogo Dalot,Manchester United,33,2813,0.0,0.1,0.8,0.42,0.06,66.0,9.57,6.81,0.26,0.06,5.28,3.46,0.03,3.3,2.27,1.31,0.67,2.05,0.26,0.0,2.18,3.71,1.25,1.73,0.7,0.0
Harry Amass,Manchester United,5,346,0.0,0.0,0.78,0.0,0.0,68.41,0.0,0.0,0.0,0.0,0.0,0.0,0.0,0.0,0.0,0.0,1.3,2.34,0.0,0.0,1.56,0.0,0.0,0.0,0.0,0.0
Harry Maguire,Manchester United,27,1757,0.05,0.0,0.77,0.87,0.2,69.46,20.44,15.93,0.61,0.1,10.6,7.63,0.05,6.56,2.87,2.82,0.0,3.94,0.36,0.05,1.54,4.3,2.61,1.28,0.26,0.0
Jonny Evans,Manchester United,7,314,0.0,0.0,0.57,0.0,0.0,74.52,0.0,0.0,0.0,0.0,0.0,0.0,0.0,0.0,0.0,0.0,0.0,4.3,0.0,0.0,2.29,0.0,0.0,0.0,0.0,0.0
Joshua Zirkzee,Manchester United,32,1392,0.19,0.0,1.81,1.42,0.45,41.64,22.89,16.88,0.97,0.13,9.83,6.66,0.26,11.51,6.79,3.75,1.94,0.52,0.06,0.06,0.91,11.31,5.17,2.33,0.91,0.0
Kobbie Mainoo,Manchester United,25,1656,0.0,0.0,0.82,0.27,0.0,62.5,67.61,58.75,0.11,0.05,8.21,4.57,0.05,16.09,7.77,4.18,1.96,0.65,2.17,0.98,2.5,4.84,3.15,4.62,3.21,0.0
Leny Yoro,Manchester United,21,1162,0.0,0.0,0.39,0.46,0.15,70.09,27.26,21.14,1.94,0.15,14.87,10.69,0.39,14.33,8.44,4.57,0.31,3.33,0.23,0.0,0.0,8.98,3.64,1.16,0.46,0.0
Lisandro Martínez,Manchester United,20,1754,0.1,0.05,0.87,0.1,0.1,79.79,35.3,31.3,0.56,0.15,9.54,7.8,0.0,11.49,5.34,3.75,0.15,2.77,1.23,0.41,2.05,7.7,3.95,0.87,0.46,0.0
Luke Shaw,Manchester United,7,348,0.0,0.0,0.26,0.0,0.0,83.02,0.0,0.0,0.0,0.0,0.0,0.0,0.0,0.0,0.0,0.0,0.0,1.81,0.0,0.0,1.03,0.0,0.0,0.0,0.0,0.0
Manuel Ugarte,Manchester United,29,1789,0.05,0.1,0.96,0.6,0.0,62.98,82.15,72.9,1.56,0.25,21.18,17.41,0.1,12.48,7.19,6.54,1.26,0.75,1.41,0.8,3.87,9.56,5.48,4.48,1.61,0.0
Mason Mount,Manchester United,17,621,0.14,0.0,2.9,0.0,0.43,52.17,0.0,0.0,0.0,0.0,0.0,0.0,0.0,0.0,0.0,0.0,1.3,0.58,0.0,0.0,2.17,0.0,0.0,0.0,0.0,0.0
Matthijs de Ligt,Manchester United,29,2128,0.08,0.0,0.76,0.25,0.08,69.28,32.31,27.32,1.69,0.21,8.29,6.22,0.0,9.94,5.08,3.43,0.13,3.85,0.97,0.34,1.27,6.72,4.02,1.69,0.85,0.0
Noussair Mazraoui,Manchester United,37,2848,0.0,0.03,0.41,0.06,0.03,70.66,32.45,25.98,1.86,0.41,10.02,7.71,0.0,10.46,6.29,6.0,0.54,2.62,1.04,0.28,3.63,7.02,3.89,1.01,0.41,0.0
Patrick Dorgu,Manchester United,12,842,0.0,0.0,1.07,0.0,0.0,69.26,0.0,0.0,0.0,0.0,0.0,0.0,0.0,0.0,0.0,0.0,1.07,2.03,0.0,0.0,3.31,0.0,0.0,0.0,0.0,0.0
Rasmus Højlund,Manchester United,32,2013,0.18,0.0,1.43,0.58,0.27,26.2,61.56,53.38,2.82,0.63,18.11,14.75,0.13,18.78,10.06,6.48,1.48,0.27,1.16,0.27,0.13,15.92,8.85,2.32,0.98,0.0
Scott McTominay,Manchester United,2,17,0.0,0.0,5.29,0.0,0.0,79.41,0.0,0.0,0.0,0.0,0.0,0.0,0.0,0.0,0.0,0.0,0.0,5.29,0.0,0.0,0.0,0.0,0.0,0.0,0.0,0.0
Toby Collyer,Manchester United,6,175,0.0,0.0,0.51,0.0,0.0,69.94,0.0,0.0,0.0,0.0,0.0,0.0,0.0,0.0,0.0,0.0,0.51,1.54,0.0,0.0,6.17,0.0,0.0,0.0,0.0,0.0
Tyler Fredricson,Manchester United,2,166,0.0,0.0,0.0,0.0,0.0,80.78,0.0,0.0,0.0,0.0,0.0,0.0,0.0,0.0,0.0,0.0,0.0,5.96,0.0,0.0,2.71,0.0,0.0,0.0,0.0,0.0
Tyrell Malacia,Manchester United,3,99,0.0,0.0,0.0,0.0,0.0,60.91,0.0,0.0,0.0,0.0,0.0,0.0,0.0,0.0,0.0,0.0,0.0,0.91,0.0,0.0,1.82,0.0,0.0,0.0,0.0,0.0
Victor Lindelöf,Manchester United,16,697,0.0,0.0,0.0,0.0,0.0,58.62,0.0,0.0,0.0,0.0,0.0,0.0,0.0,0.0,0.0,0.0,0.0,4.65,0.0,0.0,0.9,0.0,0.0,0.0,0.0,0.0
Alexander Isak,Newcastle United,34,2769,0.75,0.0,3.22,0.46,0.59,36.76,46.28,40.37,0.65,0.07,16.8,14.14,0.2,7.7,4.29,4.81,1.79,0.55,0.72,0.2,0.39,9.85,4.91,1.76,0.62,0.0
Anthony Gordon,Newcastle United,34,2444,0.22,0.18,2.17,1.51,0.37,51.59,36.71,28.72,2.14,0.29,18.63,14.1,0.33,19.89,11.23,5.82,1.4,0.18,0.41,0.33,1.18,14.44,5.89,5.3,2.47,0.0
Bruno Guimarães,Newcastle United,38,3282,0.14,0.0,1.23,1.12,0.05,66.72,29.95,22.13,2.74,0.63,16.26,11.54,0.36,13.74,7.32,4.28,2.08,1.1,0.38,0.08,2.28,7.57,3.95,3.02,0.96,0.0
Callum Wilson,Newcastle United,18,357,0.0,0.0,1.51,0.0,0.25,27.48,0.0,0.0,0.0,0.0,0.0,0.0,0.0,0.0,0.0,0.0,3.03,0.25,0.0,0.0,0.5,0.0,0.0,0.0,0.0,0.0
Dan Burn,Newcastle United,37,3330,0.03,0.03,0.62,0.54,0.11,65.43,13.38,8.81,2.35,0.46,6.59,4.11,0.14,6.78,4.19,2.49,0.08,5.24,0.3,0.27,1.05,5.3,2.49,2.97,1.24,0.0
Emil Krafth,Newcastle United,12,334,0.0,0.0,0.27,0.0,0.0,55.24,0.0,0.0,0.0,0.0,0.0,0.0,0.0,0.0,0.0,0.0,0.0,4.31,0.0,0.0,1.08,0.0,0.0,0.0,0.0,0.0
Fabian Schär,Newcastle United,34,2937,0.12,0.0,1.23,0.37,0.12,72.32,15.78,12.56,0.37,0.09,5.33,3.71,0.21,6.93,3.65,2.42,0.18,4.08,0.37,0.18,1.1,8.76,3.55,1.69,0.55,0.0
Harvey Barnes,Newcastle United,33,1755,0.46,0.21,3.23,0.26,0.31,45.13,31.59,27.44,2.41,0.41,9.9,7.9,0.05,9.13,4.67,3.44,1.18,0.56,0.77,0.0,0.82,5.64,2.62,0.82,0.51,0.0
Jacob Murphy,Newcastle United,35,2379,0.3,0.45,1.63,0.15,0.19,51.6,21.53,18.65,0.45,0.08,10.33,8.47,0.11,8.44,5.07,3.14,1.4,1.1,0.3,0.15,0.0,5.33,3.14,0.76,0.26,0.0
Joe Willock,Newcastle United,32,1074,0.0,0.17,1.51,0.92,0.42,48.77,33.94,24.47,0.34,0.0,12.82,8.46,0.5,7.63,4.36,4.78,1.93,0.42,0.5,0.34,2.51,8.72,3.02,6.45,1.93,0.0
Joelinton,Newcastle United,29,2404,0.15,0.11,1.68,0.26,0.15,55.33,58.93,50.8,1.05,0.22,16.81,12.8,0.19,16.62,7.6,7.49,1.98,1.72,0.94,0.15,2.13,15.05,7.23,1.42,0.41,0.0
Kieran Trippier,Newcastle United,25,1308,0.0,0.21,0.28,0.14,0.0,98.19,56.28,49.2,0.48,0.14,15.76,13.0,0.14,15.96,7.57,6.06,0.55,2.89,1.31,0.14,2.61,13.21,6.19,3.44,1.31,0.0
Lewis Hall,Newcastle United,27,2192,0.0,0.16,0.45,1.31,0.0,78.3,14.29,8.87,0.21,0.04,7.02,3.82,0.33,8.83,5.5,2.79,0.82,2.09,0.08,0.0,2.38,11.46,4.06,5.5,2.38,0.0
Lewis Miley,Newcastle United,14,304,0.3,0.0,0.89,0.0,0.0,71.35,0.0,0.0,0.0,0.0,0.0,0.0,0.0,0.0,0.0,0.0,0.0,1.48,0.0,0.0,4.14,0.0,0.0,0.0,0.0,0.0
Martin Dúbravka,Newcastle United,10,900,0.0,0.0,0.0,0.0,0.0,38.0,0.0,0.0,0.0,0.0,0.0,0.0,0.0,0.0,0.0,0.0,0.0,0.5,0.0,0.0,0.0,0.0,0.0,0.0,0.0,1.2
Matt Targett,Newcastle United,2,20,0.0,0.0,0.0,0.0,0.0,81.0,0.0,0.0,0.0,0.0,0.0,0.0,0.0,0.0,0.0,0.0,0.0,0.0,0.0,0.0,0.0,0.0,0.0,0.0,0.0,0.0
Miguel Almirón,Newcastle United,9,151,0.0,0.0,3.58,0.0,0.0,52.45,0.0,0.0,0.0,0.0,0.0,0.0,0.0,0.0,0.0,0.0,1.19,0.0,0.0,0.0,1.79,0.0,0.0,0.0,0.0,0.0
Nick Pope,Newcastle United,28,2520,0.0,0.0,0.0,0.0,0.0,34.82,0.0,0.0,0.0,0.0,0.0,0.0,0.0,0.0,0.0,0.0,0.04,1.89,0.0,0.0,0.0,0.0,0.0,0.0,0.0,1.25
Sandro Tonali,Newcastle United,36,2631,0.14,0.07,1.2,0.1,0.1,65.78,28.63,25.21,0.0,0.0,2.09,1.13,0.03,6.67,3.32,1.47,0.79,0.0,0.51,0.72,1.74,2.77,1.57,2.29,1.2,0.0
Sean Longstaff,Newcastle United,25,786,0.0,0.0,0.69,0.0,0.0,52.1,0.0,0.0,0.0,0.0,0.0,0.0,0.0,0.0,0.0,0.0,0.8,0.92,0.0,0.0,3.09,0.0,0.0,0.0,0.0,0.0
Sven Botman,Newcastle United,8,414,0.0,0.0,1.09,0.0,0.22,68.48,0.0,0.0,0.0,0.0,0.0,0.0,0.0,0.0,0.0,0.0,0.22,5.43,0.0,0.0,2.61,0.0,0.0,0.0,0.0,0.0
Tino Livramento,Newcastle United,37,2842,0.0,0.03,0.19,0.57,0.0,65.9,30.05,22.48,0.44,0.06,8.99,5.45,0.0,3.07,1.14,2.0,1.24,2.98,0.63,0.67,1.71,5.0,2.38,5.57,3.2,0.0
William Osula,Newcastle United,14,124,0.73,0.0,2.9,0.0,0.0,49.35,0.0,0.0,0.0,0.0,0.0,0.0,0.0,0.0,0.0,0.0,4.35,0.73,0.0,0.0,1.45,0.0,0.0,0.0,0.0,0.0
Álex Moreno,Nottingham Forest,15,959,0.0,0.09,0.56,4.32,0.0,55.09,61.75,47.58,1.5,0.28,33.97,24.03,0.56,25.15,13.61,5.16,0.56,3.57,0.28,0.19,2.35,18.96,6.29,7.79,2.53,0.0
Anthony Elanga,Nottingham Forest,38,2507,0.22,0.39,1.58,0.68,0.22,43.65,29.04,23.51,2.73,0.75,15.4,11.88,0.32,14.83,7.5,3.48,1.54,0.72,0.25,0.07,0.68,9.73,5.06,0.57,0.29,0.0
Callum Hudson-Odoi,Nottingham Forest,31,2201,0.2,0.08,1.51,0.16,0.04,45.63,87.38,78.76,0.33,0.04,11.33,9.49,0.0,22.9,13.58,6.87,0.94,0.49,0.82,0.7,0.9,6.3,4.09,3.15,1.8,0.0
Chris Wood,Nottingham Forest,36,2976,0.6,0.09,2.06,0.06,0.45,25.01,19.87,17.0,0.79,0.24,7.23,5.72,0.24,3.6,1.66,1.87,0.85,0.85,0.21,0.15,0.18,1.66,0.67,0.24,0.06,0.0
Danilo,Nottingham Forest,8,275,0.0,0.0,0.0,0.0,0.0,51.05,0.0,0.0,0.0,0.0,0.0,0.0,0.0,0.0,0.0,0.0,0.0,0.65,0.0,0.0,2.62,0.0,0.0,0.0,0.0,0.0
Elliot Anderson,Nottingham Forest,37,2742,0.07,0.2,1.31,0.23,0.0,65.84,28.49,23.47,1.08,0.2,7.81,5.78,0.03,6.37,4.2,2.76,1.61,2.23,0.69,0.26,3.02,5.02,2.72,1.25,0.59,0.0
Eric da Silva Moreira,Nottingham Forest,2,28,0.0,0.0,0.0,0.0,0.0,41.79,0.0,0.0,0.0,0.0,0.0,0.0,0.0,0.0,0.0,0.0,0.0,0.0,0.0,0.0,6.43,0.0,0.0,0.0,0.0,0.0
Harry Toffolo,Nottingham Forest,4,135,0.0,0.0,0.67,0.0,0.0,60.0,0.0,0.0,0.0,0.0,0.0,0.0,0.0,0.0,0.0,0.0,0.0,6.67,0.0,0.0,3.33,0.0,0.0,0.0,0.0,0.0
Ibrahim Sangaré,Nottingham Forest,13,590,0.0,0.0,0.15,0.0,0.0,64.22,0.0,0.0,0.0,0.0,0.0,0.0,0.0,0.0,0.0,0.0,0.61,1.98,0.0,0.0,0.0,0.0,0.0,0.0,0.0,0.0
Jota Silva,Nottingham Forest,31,840,0.32,0.11,2.46,0.0,0.21,42.75,0.0,0.0,0.0,0.0,0.0,0.0,0.0,0.0,0.0,0.0,1.29,1.71,0.0,0.0,0.0,0.0,0.0,0.0,0.0,0.0
Matz Sels,Nottingham Forest,38,3420,0.0,0.0,0.0,0.0,0.0,31.82,0.0,0.0,0.0,0.0,0.0,0.0,0.0,0.0,0.0,0.0,0.0,1.42,0.0,0.0,0.03,0.0,0.0,0.0,0.0,1.21
Morato,Nottingham Forest,26,893,0.0,0.0,0.2,0.0,0.0,47.07,0.0,0.0,0.0,0.0,0.0,0.0,0.0,0.0,0.0,0.0,0.3,7.56,0.0,0.0,2.22,0.0,0.0,0.0,0.0,0.0
Morgan Gibbs-White,Nottingham Forest,34,2822,0.22,0.26,1.95,0.64,0.1,55.46,27.55,20.76,0.86,0.13,13.46,9.44,0.7,12.15,7.46,3.8,1.4,0.0,0.19,0.22,1.37,12.12,5.1,2.07,0.41,0.0
Murillo,Nottingham Forest,36,3191,0.06,0.0,0.71,0.03,0.06,56.27,18.81,17.6,0.28,0.11,5.89,5.39,0.08,5.02,2.88,1.49,0.28,6.83,0.2,0.03,1.49,3.13,2.28,0.59,0.31,0.0
Nathan Wood,Nottingham Forest,11,772,0.0,0.0,0.23,0.0,0.12,66.92,0.0,0.0,0.0,0.0,0.0,0.0,0.0,0.0,0.0,0.0,0.12,4.43,0.0,0.0,1.63,0.0,0.0,0.0,0.0,0.0
Neco Williams,Nottingham Forest,35,2590,0.03,0.1,1.29,1.22,0.1,57.93,13.55,10.39,0.1,0.03,6.36,4.73,0.03,6.19,3.54,1.67,0.73,4.17,0.1,0.07,3.13,6.19,2.36,2.02,0.76,0.0
Nicolás Domínguez,Nottingham Forest,34,1970,0.0,0.05,0.96,0.37,0.14,58.29,46.87,38.83,0.0,0.0,6.85,3.61,0.0,7.26,3.24,3.88,0.55,2.38,1.23,1.01,3.93,3.84,2.6,6.44,4.61,0.0
Nikola Milenkovic,Nottingham Forest,37,3330,0.14,0.05,0.78,0.08,0.11,38.76,42.95,36.97,0.62,0.16,9.81,7.84,0.19,10.3,5.46,4.03,0.0,5.62,0.92,0.24,1.38,7.24,4.46,2.22,1.38,0.0
Ola Aina,Nottingham Forest,35,3003,0.06,0.03,0.33,0.03,0.03,54.31,14.84,12.53,0.15,0.0,3.06,2.1,0.06,2.43,0.99,1.38,0.66,3.18,0.33,0.21,1.65,2.4,1.23,0.54,0.36,0.0
Ramón Sosa,Nottingham Forest,19,281,0.32,0.0,3.52,0.0,0.32,56.05,0.0,0.0,0.0,0.0,0.0,0.0,0.0,0.0,0.0,0.0,1.6,1.28,0.0,0.0,1.6,0.0,0.0,0.0,0.0,0.0
Ryan Yates,Nottingham Forest,35,1904,0.09,0.0,1.56,0.14,0.14,52.7,67.26,58.76,0.52,0.19,18.01,13.71,0.09,16.45,6.81,7.42,0.85,2.84,1.37,0.61,1.99,10.12,5.29,1.99,0.85,0.0
Taiwo Awoniyi,Nottingham Forest,26,400,0.22,0.0,2.25,0.0,0.9,44.55,0.0,0.0,0.0,0.0,0.0,0.0,0.0,0.0,0.0,0.0,4.27,1.58,0.0,0.0,1.35,0.0,0.0,0.0,0.0,0.0
Willy-Arnaud Boly,Nottingham Forest,6,146,0.0,0.0,0.62,0.0,0.0,60.41,0.0,0.0,0.0,0.0,0.0,0.0,0.0,0.0,0.0,0.0,0.0,7.4,0.0,0.0,3.7,0.0,0.0,0.0,0.0,0.0
Aaron Ramsdale,Southampton,30,2700,0.0,0.0,0.0,0.0,0.0,47.37,0.0,0.0,0.0,0.0,0.0,0.0,0.0,0.0,0.0,0.0,0.0,0.93,0.0,0.0,0.0,0.0,0.0,0.0,0.0,2.2
Adam Lallana,Southampton,14,356,0.0,0.51,0.76,0.0,0.0,84.19,0.0,0.0,0.0,0.0,0.0,0.0,0.0,0.0,0.0,0.0,1.52,1.26,0.0,0.0,2.02,0.0,0.0,0.0,0.0,0.0
Albert Grønbæk,Southampton,4,143,0.0,0.0,1.26,0.0,0.0,27.06,0.0,0.0,0.0,0.0,0.0,0.0,0.0,0.0,0.0,0.0,2.52,0.63,0.0,0.0,2.52,0.0,0.0,0.0,0.0,0.0
Alex McCarthy,Southampton,5,450,0.0,0.0,0.0,0.0,0.0,38.4,0.0,0.0,0.0,0.0,0.0,0.0,0.0,0.0,0.0,0.0,0.0,0.6,0.0,0.0,0.0,0.0,0.0,0.0,0.0,0.0
Armel Bella-Kotchap,Southampton,4,329,0.0,0.0,0.27,0.0,0.27,73.86,0.0,0.0,0.0,0.0,0.0,0.0,0.0,0.0,0.0,0.0,0.0,5.74,0.0,0.0,1.91,0.0,0.0,0.0,0.0,0.0
Ben Brereton,Southampton,10,448,0.0,0.0,2.21,0.0,0.4,43.19,0.0,0.0,0.0,0.0,0.0,0.0,0.0,0.0,0.0,0.0,0.8,0.8,0.0,0.0,0.6,0.0,0.0,0.0,0.0,0.0
Cameron Archer,Southampton,35,1432,0.13,0.0,1.82,0.19,0.63,28.34,48.39,39.34,0.0,0.0,8.61,4.27,0.06,8.23,3.83,2.77,1.63,0.57,0.88,0.88,0.82,1.82,1.32,4.15,2.77,0.0
Charlie Taylor,Southampton,8,353,0.0,0.0,0.0,0.0,0.0,72.66,0.0,0.0,0.0,0.0,0.0,0.0,0.0,0.0,0.0,0.0,0.25,0.0,0.0,0.0,1.78,0.0,0.0,0.0,0.0,0.0
Chiedozie Ogbene,Southampton,5,240,0.0,0.0,0.0,0.0,0.0,29.62,0.0,0.0,0.0,0.0,0.0,0.0,0.0,0.0,0.0,0.0,0.0,1.12,0.0,0.0,2.62,0.0,0.0,0.0,0.0,0.0
Flynn Downes,Southampton,27,2154,0.04,0.0,0.42,0.21,0.04,59.08,68.02,61.71,0.38,0.0,14.71,11.74,0.04,12.83,7.98,2.63,0.71,2.09,0.67,1.21,2.05,2.97,1.92,3.89,2.3,0.0
Jack Stephens,Southampton,19,1394,0.06,0.0,0.26,0.26,0.0,71.99,70.7,61.21,0.06,0.0,11.23,7.81,0.0,11.81,4.45,3.94,0.19,3.16,1.36,1.68,2.2,6.07,4.07,8.13,5.49,0.0
James Bree,Southampton,17,1073,0.0,0.08,0.34,0.34,0.0,59.97,58.55,48.06,2.35,0.42,16.94,12.58,0.17,12.08,4.03,6.12,0.42,2.26,1.93,0.34,1.59,10.57,5.79,2.01,0.92,0.0
Jan Bednarek,Southampton,30,2535,0.07,0.0,0.18,0.18,0.04,74.09,80.41,71.15,0.39,0.18,16.26,11.79,0.14,27.34,17.54,4.65,0.11,6.71,0.85,0.78,1.28,4.47,2.59,4.76,2.95,0.0
Jay Robinson,Southampton,4,135,0.0,0.0,0.67,0.0,0.0,44.67,0.0,0.0,0.0,0.0,0.0,0.0,0.0,0.0,0.0,0.0,4.0,0.67,0.0,0.0,2.67,0.0,0.0,0.0,0.0,0.0
Joachim Kayi-Sanda,Southampton,2,12,0.0,0.0,0.0,0.0,0.0,142.5,0.0,0.0,0.0,0.0,0.0,0.0,0.0,0.0,0.0,0.0,0.0,0.0,0.0,0.0,0.0,0.0,0.0,0.0,0.0,0.0
Joe Aribo,Southampton,32,2018,0.13,0.0,0.76,0.45,0.09,60.52,21.54,17.3,1.43,0.31,7.63,5.49,0.13,10.39,5.13,4.19,0.8,1.25,0.54,0.09,2.1,10.26,4.95,5.44,1.78,0.0
Joe Lumley,Southampton,3,270,0.0,0.0,0.0,0.0,0.0,58.33,0.0,0.0,0.0,0.0,0.0,0.0,0.0,0.0,0.0,0.0,0.0,1.67,0.0,0.0,0.0,0.0,0.0,0.0,0.0,0.0
Kamaldeen Sulemana,Southampton,26,1406,0.06,0.0,1.86,1.73,0.13,42.31,56.97,46.02,4.8,0.7,29.0,22.08,0.58,28.61,17.67,6.34,1.6,0.45,0.9,0.19,1.41,18.18,7.68,3.46,1.73,0.0
Kyle Walker-Peters,Southampton,33,2922,0.0,0.06,0.62,0.68,0.0,66.19,26.27,21.16,2.31,0.46,14.08,10.26,0.22,11.09,5.3,3.2,1.2,2.31,0.28,0.0,1.36,7.73,3.54,0.92,0.18,0.0
Lesley Ugochukwu,Southampton,26,1664,0.05,0.0,0.54,0.22,0.11,50.35,140.35,125.91,0.7,0.16,16.55,11.41,0.16,26.29,14.39,6.54,0.7,1.24,1.78,1.3,2.7,7.41,3.95,7.52,4.49,0.0
Mason Holgate,Southampton,1,5,0.0,0.0,0.0,0.0,0.0,54.0,0.0,0.0,0.0,0.0,0.0,0.0,0.0,0.0,0.0,0.0,0.0,0.0,0.0,0.0,0.0,0.0,0.0,0.0,0.0,0.0
Mateus Fernandes,Southampton,36,2919,0.06,0.12,1.29,1.36,0.18,59.14,29.26,23.22,1.82,0.31,13.32,9.28,0.43,13.6,8.54,3.85,1.11,0.0,0.52,0.03,2.74,10.85,5.24,1.29,0.4,0.0
Paul Onuachu,Southampton,25,1044,0.34,0.0,2.93,1.47,0.43,42.59,63.02,55.86,9.31,2.93,31.55,27.16,0.0,35.0,18.88,6.98,3.1,1.38,0.78,0.17,0.6,16.98,7.67,3.71,1.03,0.0
Ronnie Edwards,Southampton,1,12,0.0,0.0,0.0,0.0,0.0,45.0,0.0,0.0,0.0,0.0,0.0,0.0,0.0,0.0,0.0,0.0,0.0,0.0,0.0,0.0,0.0,0.0,0.0,0.0,0.0,0.0
Ross Stewart,Southampton,12,385,0.23,0.0,2.1,0.0,0.23,37.64,0.0,0.0,0.0,0.0,0.0,0.0,0.0,0.0,0.0,0.0,2.1,1.4,0.0,0.0,1.4,0.0,0.0,0.0,0.0,0.0
Ryan Fraser,Southampton,8,306,0.0,0.0,0.29,0.0,0.0,40.59,0.0,0.0,0.0,0.0,0.0,0.0,0.0,0.0,0.0,0.0,0.59,2.35,0.0,0.0,1.76,0.0,0.0,0.0,0.0,0.0
Ryan Manning,Southampton,24,1468,0.0,0.06,0.49,0.43,0.0,62.96,141.56,132.73,0.18,0.0,32.0,28.14,0.0,43.77,24.34,4.78,0.31,2.45,1.23,1.23,0.0,2.88,1.66,4.35,2.27,0.0
Sam Amo-Ameyaw,Southampton,2,26,0.0,0.0,3.46,0.0,0.0,65.77,0.0,0.0,0.0,0.0,0.0,0.0,0.0,0.0,0.0,0.0,6.92,0.0,0.0,0.0,3.46,0.0,0.0,0.0,0.0,0.0
Samuel Edozie,Southampton,2,64,0.0,0.0,0.0,0.0,0.0,64.69,0.0,0.0,0.0,0.0,0.0,0.0,0.0,0.0,0.0,0.0,0.0,0.0,0.0,0.0,4.22,0.0,0.0,0.0,0.0,0.0
Taylor Harwood-Bellis,Southampton,34,2828,0.03,0.0,0.64,0.29,0.06,80.26,58.56,51.91,0.38,0.06,18.74,15.02,0.19,14.48,7.77,4.39,0.16,4.46,1.11,0.29,0.0,7.77,4.58,1.78,0.89,0.0
Tyler Dibling,Southampton,33,1874,0.1,0.0,1.34,0.14,0.1,48.22,49.23,36.21,5.04,0.91,14.7,9.8,0.0,12.49,7.59,8.07,2.64,0.77,0.91,0.58,1.63,10.66,6.34,1.97,0.96,0.0
Welington,Southampton,10,480,0.0,0.0,0.56,0.0,0.0,54.94,0.0,0.0,0.0,0.0,0.0,0.0,0.0,0.0,0.0,0.0,0.75,6.19,0.0,0.0,3.94,0.0,0.0,0.0,0.0,0.0
Will Smallbone,Southampton,18,682,0.13,0.0,0.92,0.0,0.0,58.99,0.0,0.0,0.0,0.0,0.0,0.0,0.0,0.0,0.0,0.0,0.79,1.85,0.0,0.0,2.64,0.0,0.0,0.0,0.0,0.0
Yukinari Sugawara,Southampton,30,1555,0.06,0.0,0.81,0.23,0.0,63.38,48.96,43.58,0.12,0.06,11.75,9.38,0.12,15.05,6.37,4.92,0.29,2.66,1.04,0.35,1.79,8.45,4.28,0.81,0.41,0.0
Alfie Dorrington,Tottenham Hotspur,1,13,0.0,0.0,0.0,0.0,0.0,110.77,0.0,0.0,0.0,0.0,0.0,0.0,0.0,0.0,0.0,0.0,0.0,0.0,0.0,0.0,0.0,0.0,0.0,0.0,0.0,0.0
Antonín Kinsky,Tottenham Hotspur,6,540,0.0,0.0,0.0,0.0,0.0,45.5,0.0,0.0,0.0,0.0,0.0,0.0,0.0,0.0,0.0,0.0,0.0,2.5,0.0,0.0,0.5,0.0,0.0,0.0,0.0,0.0
Archie Gray,Tottenham Hotspur,28,1743,0.0,0.0,0.05,0.15,0.0,68.62,38.06,27.99,2.89,0.77,14.25,8.62,0.15,7.44,4.85,3.87,0.57,2.43,1.29,0.21,0.83,7.59,4.44,1.14,0.57,0.0
Ben Davies,Tottenham Hotspur,17,1330,0.0,0.0,0.34,0.2,0.0,80.8,21.65,16.85,1.49,0.14,6.29,4.4,0.14,6.09,3.38,3.86,0.0,5.35,0.88,0.34,1.15,8.8,3.52,2.5,1.29,0.0
Brandon Austin,Tottenham Hotspur,1,90,0.0,0.0,0.0,0.0,0.0,43.0,0.0,0.0,0.0,0.0,0.0,0.0,0.0,0.0,0.0,0.0,0.0,1.0,0.0,0.0,0.0,0.0,0.0,0.0,0.0,0.0
Brennan Johnson,Tottenham Hotspur,33,2179,0.0,0.12,2.23,1.2,0.37,37.83,83.43,68.03,3.51,0.45,35.69,26.72,1.28,19.78,10.12,8.8,0.7,0.41,1.07,0.25,1.61,12.68,6.24,2.15,0.95,0.0
Cristian Romero,Tottenham Hotspur,18,1420,0.06,0.0,1.01,0.82,0.19,89.87,67.12,62.87,0.51,0.06,21.8,19.65,0.13,17.81,7.86,6.15,0.32,3.3,0.44,0.57,2.22,9.25,4.82,1.77,0.89,0.0
Dane Scarlett,Tottenham Hotspur,3,31,0.0,0.0,2.9,0.0,0.0,29.03,0.0,0.0,0.0,0.0,0.0,0.0,0.0,0.0,0.0,0.0,2.9,2.9,0.0,0.0,2.9,0.0,0.0,0.0,0.0,0.0
Dejan Kulusevski,Tottenham Hotspur,32,2391,0.26,0.15,1.77,0.04,0.19,53.6,35.87,31.66,0.72,0.15,11.56,9.82,0.0,10.46,6.1,4.18,2.79,0.34,0.83,0.19,1.69,7.68,4.74,0.98,0.49,0.0
Destiny Udogie,Tottenham Hotspur,25,1931,0.0,0.0,0.23,0.23,0.0,68.42,63.99,53.65,3.08,0.56,17.06,13.75,0.19,14.73,9.09,7.78,0.89,1.31,1.72,0.37,3.5,9.55,4.85,2.75,1.77,0.0
Djed Spence,Tottenham Hotspur,25,1790,0.05,0.1,0.5,1.01,0.0,76.68,14.18,9.0,0.3,0.05,7.79,4.32,0.0,5.03,2.61,1.76,1.61,2.82,0.35,0.1,2.36,5.68,2.06,8.55,4.32,0.0
Dominic Solanke,Tottenham Hotspur,27,2206,0.37,0.12,2.45,0.94,0.49,30.6,50.71,43.49,0.98,0.24,19.38,15.71,0.2,11.18,6.65,5.43,2.08,0.94,0.37,0.2,0.73,7.91,3.39,1.71,0.78,0.0
Fraser Forster,Tottenham Hotspur,7,630,0.0,0.0,0.0,0.0,0.0,34.43,0.0,0.0,0.0,0.0,0.0,0.0,0.0,0.0,0.0,0.0,0.0,1.0,0.0,0.0,0.0,0.0,0.0,0.0,0.0,0.0
Guglielmo Vicario,Tottenham Hotspur,24,2160,0.0,0.0,0.0,0.0,0.0,42.33,0.0,0.0,0.0,0.0,0.0,0.0,0.0,0.0,0.0,0.0,0.0,1.38,0.0,0.0,0.0,0.0,0.0,0.0,0.0,1.54
James Maddison,Tottenham Hotspur,31,1816,0.45,0.35,1.93,0.2,0.25,78.45,63.29,51.64,0.05,0.0,13.03,6.59,0.1,11.65,6.34,4.86,1.24,0.84,2.03,2.03,1.54,7.58,4.76,6.84,5.1,0.0
Kevin Danso,Tottenham Hotspur,10,843,0.0,0.0,0.75,0.0,0.0,74.63,0.0,0.0,0.0,0.0,0.0,0.0,0.0,0.0,0.0,0.0,0.32,7.47,0.0,0.0,0.75,0.0,0.0,0.0,0.0,0.0
Lucas Bergvall,Tottenham Hotspur,27,1206,0.0,0.07,0.9,0.22,0.0,71.57,73.13,60.52,6.12,1.72,21.34,16.34,0.15,14.1,7.99,7.76,1.42,1.57,1.87,0.3,2.91,11.57,6.57,5.0,2.91,0.0
Mathys Tel,Tottenham Hotspur,13,913,0.2,0.0,2.27,0.39,0.1,44.65,63.78,55.1,1.28,0.3,17.65,14.19,0.0,14.69,6.6,6.7,1.48,0.79,1.68,0.2,1.58,12.52,7.2,5.82,3.35,0.0
Micky van de Ven,Tottenham Hotspur,13,1018,0.0,0.18,0.53,1.33,0.09,80.98,49.33,39.43,1.15,0.35,21.31,16.0,0.44,8.93,4.86,7.6,0.44,3.36,1.33,0.44,0.88,14.94,6.81,10.34,5.3,0.0
Mikey Moore,Tottenham Hotspur,10,361,0.0,0.25,0.75,0.0,0.0,38.89,0.0,0.0,0.0,0.0,0.0,0.0,0.0,0.0,0.0,0.0,1.5,1.25,0.0,0.0,0.5,0.0,0.0,0.0,0.0,0.0
Pape Sarr,Tottenham Hotspur,36,1913,0.14,0.0,1.6,0.14,0.24,63.09,63.94,57.11,0.14,0.0,10.63,7.86,0.19,21.03,13.22,2.92,1.04,1.13,0.47,0.52,2.31,3.01,1.98,2.26,0.89,0.0
Pedro Porro,Tottenham Hotspur,33,2608,0.07,0.0,1.35,0.31,0.0,80.51,45.14,39.86,2.76,0.76,12.39,10.08,0.0,10.9,6.18,5.07,0.62,2.52,1.28,0.17,2.28,6.76,3.59,2.52,1.59,0.0
Radu Dragusin,Tottenham Hotspur,16,1251,0.0,0.0,0.36,0.94,0.0,70.79,23.38,17.84,0.58,0.22,8.99,6.55,0.14,8.2,4.82,2.52,0.14,3.31,0.14,0.0,0.72,8.27,2.88,9.06,2.23,0.0
Richarlison,Tottenham Hotspur,15,500,0.72,0.18,3.06,0.0,1.08,34.92,0.0,0.0,0.0,0.0,0.0,0.0,0.0,0.0,0.0,0.0,1.44,1.44,0.0,0.0,0.9,0.0,0.0,0.0,0.0,0.0
Rodrigo Bentancur,Tottenham Hotspur,26,1653,0.11,0.0,1.2,1.03,0.0,74.16,7.62,5.01,0.05,0.0,3.7,2.18,0.16,2.5,0.93,0.76,1.09,2.01,0.27,0.11,2.18,4.95,2.56,7.08,3.65,0.0
Sergio Reguilón,Tottenham Hotspur,4,195,0.0,0.0,0.92,0.0,0.0,81.69,0.0,0.0,0.0,0.0,0.0,0.0,0.0,0.0,0.0,0.0,0.46,2.77,0.0,0.0,1.85,0.0,0.0,0.0,0.0,0.0
Son Heung-Min,Tottenham Hotspur,30,2116,0.3,0.38,2.42,0.3,0.3,51.76,22.46,18.59,2.64,0.43,10.0,7.57,0.26,11.87,7.53,3.53,1.36,0.68,0.47,0.09,0.72,9.1,3.7,1.02,0.38,0.0
Timo Werner,Tottenham Hotspur,18,508,0.0,0.53,1.42,0.0,0.35,57.76,0.0,0.0,0.0,0.0,0.0,0.0,0.0,0.0,0.0,0.0,1.06,1.06,0.0,0.0,1.06,0.0,0.0,0.0,0.0,0.0
Will Lankshear,Tottenham Hotspur,3,10,0.0,0.0,0.0,0.0,0.0,27.0,0.0,0.0,0.0,0.0,0.0,0.0,0.0,0.0,0.0,0.0,0.0,0.0,0.0,0.0,0.0,0.0,0.0,0.0,0.0,0.0
Wilson Odobert,Tottenham Hotspur,16,849,0.11,0.0,1.38,0.0,0.32,43.67,0.0,0.0,0.0,0.0,0.0,0.0,0.0,0.0,0.0,0.0,1.8,0.53,0.0,0.0,1.48,0.0,0.0,0.0,0.0,0.0
Yves Bissouma,Tottenham Hotspur,28,1405,0.13,0.0,0.7,0.0,0.0,69.63,20.5,15.95,1.15,0.26,7.75,5.64,0.19,5.64,3.46,3.2,0.96,2.24,0.96,0.32,3.14,5.7,2.5,0.9,0.19,0.0
Aaron Cresswell,West Ham United,18,823,0.0,0.0,0.55,0.0,0.0,76.33,0.0,0.0,0.0,0.0,0.0,0.0,0.0,0.0,0.0,0.0,0.0,3.94,0.0,0.0,1.2,0.0,0.0,0.0,0.0,0.0
Aaron Wan-Bissaka,West Ham United,36,3154,0.06,0.14,0.46,0.14,0.03,68.14,42.89,35.5,2.17,0.46,14.24,10.9,0.14,11.79,7.16,4.97,0.63,3.17,1.88,0.31,2.0,7.39,4.57,1.6,0.66,0.0
Alphonse Areola,West Ham United,26,2259,0.0,0.0,0.0,0.0,0.0,44.46,0.0,0.0,0.0,0.0,0.0,0.0,0.0,0.0,0.0,0.0,0.0,1.0,0.0,0.0,0.08,0.0,0.0,0.0,0.0,1.63
Andy Irving,West Ham United,10,162,0.0,0.0,2.22,0.0,0.0,87.78,0.0,0.0,0.0,0.0,0.0,0.0,0.0,0.0,0.0,0.0,1.67,2.78,0.0,0.0,3.89,0.0,0.0,0.0,0.0,0.0
Carlos Soler,West Ham United,31,1404,0.06,0.0,1.6,0.64,0.26,53.97,61.54,49.36,1.28,0.51,18.33,12.37,0.58,8.53,3.78,6.6,0.9,1.22,0.9,0.64,1.03,10.51,6.54,3.72,2.5,0.0
Crysencio Summerville,West Ham United,19,780,0.12,0.0,1.62,0.0,0.23,48.12,0.0,0.0,0.0,0.0,0.0,0.0,0.0,0.0,0.0,0.0,1.85,0.69,0.0,0.0,1.5,0.0,0.0,0.0,0.0,0.0
Danny Ings,West Ham United,15,270,0.33,0.67,4.67,0.0,0.67,50.33,0.0,0.0,0.0,0.0,0.0,0.0,0.0,0.0,0.0,0.0,2.0,1.33,0.0,0.0,1.33,0.0,0.0,0.0,0.0,0.0
Edson Álvarez,West Ham United,28,1781,0.0,0.05,0.61,0.35,0.0,65.04,65.14,53.62,1.77,0.1,22.74,17.38,0.35,19.56,9.55,10.46,0.76,2.07,1.57,0.45,2.53,18.95,9.35,4.4,2.88,0.0
Emerson,West Ham United,31,2126,0.08,0.0,0.68,0.47,0.13,58.25,42.38,38.69,0.68,0.21,16.3,14.44,0.08,10.33,5.46,3.17,0.3,2.37,0.47,0.08,2.54,5.5,2.58,1.1,0.25,0.0
Evan Ferguson,West Ham United,21,387,0.23,0.0,2.79,0.0,0.7,40.47,0.0,0.0,0.0,0.0,0.0,0.0,0.0,0.0,0.0,0.0,2.56,1.16,0.0,0.0,1.63,0.0,0.0,0.0,0.0,0.0
Guido Rodríguez,West Ham United,23,1155,0.0,0.0,0.62,0.55,0.0,57.27,87.12,75.04,0.23,0.0,10.13,5.69,0.0,26.88,10.29,5.3,0.55,0.0,3.12,0.94,2.81,5.45,3.35,7.01,4.99,0.0
James Ward-Prowse,West Ham United,24,1440,0.06,0.12,0.94,1.62,0.12,68.0,23.19,16.06,0.69,0.06,8.56,5.0,0.06,6.56,3.56,2.44,0.56,1.19,0.31,0.25,1.5,6.75,3.25,6.69,3.19,0.0
Jarrod Bowen,West Ham United,34,2979,0.0,0.24,2.63,0.0,0.24,42.63,32.36,28.58,0.09,0.0,3.05,1.81,0.0,7.01,3.38,2.39,2.33,0.63,0.79,0.39,1.24,3.2,1.87,1.63,0.85,0.0
Jean-Clair Todibo,West Ham United,27,1831,0.0,0.0,0.25,1.62,0.0,66.21,20.64,14.06,1.28,0.25,9.78,5.95,0.34,7.47,4.57,3.34,0.54,4.03,0.1,0.2,2.31,8.45,3.19,8.41,3.15,0.0
Kaelan Casey,West Ham United,1,1,0.0,0.0,0.0,0.0,0.0,90.0,0.0,0.0,0.0,0.0,0.0,0.0,0.0,0.0,0.0,0.0,0.0,90.0,0.0,0.0,0.0,0.0,0.0,0.0,0.0,0.0
Konstantinos Mavropanos,West Ham United,33,2037,0.0,0.0,0.8,0.13,0.13,69.59,24.65,19.18,0.62,0.18,7.91,4.86,0.0,5.92,3.62,1.86,0.0,5.43,0.53,0.18,1.55,3.67,1.68,2.25,1.24,0.0
Lewis Orford,West Ham United,2,47,0.0,0.0,1.91,0.0,0.0,82.34,0.0,0.0,0.0,0.0,0.0,0.0,0.0,0.0,0.0,0.0,0.0,0.0,0.0,0.0,0.0,0.0,0.0,0.0,0.0,0.0
Lucas Paquetá,West Ham United,33,2384,0.15,0.0,1.55,1.13,0.04,72.97,31.18,26.84,1.21,0.42,17.33,14.27,0.08,15.06,7.29,3.96,1.93,1.28,0.26,0.0,2.49,11.02,4.61,1.96,0.53,0.0
Luis Guilherme,West Ham United,12,139,0.0,0.0,2.59,0.0,0.0,71.87,0.0,0.0,0.0,0.0,0.0,0.0,0.0,0.0,0.0,0.0,1.94,0.65,0.0,0.0,0.65,0.0,0.0,0.0,0.0,0.0
Lukasz Fabianski,West Ham United,14,1161,0.0,0.0,0.0,0.0,0.0,45.04,0.0,0.0,0.0,0.0,0.0,0.0,0.0,0.0,0.0,0.0,0.0,1.09,0.0,0.0,0.0,0.0,0.0,0.0,0.0,1.63
Maximilian Kilman,West Ham United,38,3349,0.0,0.03,0.35,0.11,0.11,65.14,10.0,8.38,0.03,0.0,1.34,0.62,0.0,1.32,0.32,0.7,0.11,5.64,0.43,0.27,1.05,0.81,0.32,1.24,0.7,0.0
Maxwel Cornet,West Ham United,2,71,0.0,0.0,1.27,0.0,0.0,45.63,0.0,0.0,0.0,0.0,0.0,0.0,0.0,0.0,0.0,0.0,0.0,2.54,0.0,0.0,6.34,0.0,0.0,0.0,0.0,0.0
Michail Antonio,West Ham United,14,844,0.11,0.11,2.03,0.0,0.53,34.76,0.0,0.0,0.0,0.0,0.0,0.0,0.0,0.0,0.0,0.0,2.03,0.21,0.0,0.0,0.21,0.0,0.0,0.0,0.0,0.0
Mohammed Kudus,West Ham United,32,2601,0.17,0.1,2.6,0.1,0.24,52.18,74.5,67.16,0.35,0.14,20.93,17.09,0.42,16.89,7.4,7.92,3.22,0.28,1.7,0.35,1.31,11.94,6.92,1.94,1.25,0.0
Niclas Füllkrug,West Ham United,18,788,0.34,0.23,1.83,0.0,0.0,33.46,0.0,0.0,0.0,0.0,0.0,0.0,0.0,0.0,0.0,0.0,0.8,1.83,0.0,0.0,0.46,0.0,0.0,0.0,0.0,0.0
Ollie Scarles,West Ham United,15,662,0.0,0.0,0.41,0.0,0.0,66.34,0.0,0.0,0.0,0.0,0.0,0.0,0.0,0.0,0.0,0.0,0.41,2.72,0.0,0.0,2.85,0.0,0.0,0.0,0.0,0.0
Tomás Soucek,West Ham United,35,2570,0.32,0.0,1.93,0.07,0.21,46.82,41.22,37.65,0.0,0.0,3.57,2.45,0.07,7.67,4.17,1.44,0.53,2.94,0.39,0.25,1.61,1.51,1.05,2.45,1.47,0.0
Vladimír Coufal,West Ham United,22,1061,0.0,0.0,0.59,0.08,0.0,65.23,16.88,11.79,3.9,0.59,6.19,3.9,0.0,7.46,5.34,4.24,0.68,3.05,0.85,0.08,1.87,5.85,2.8,2.46,0.68,0.0
Alfie Pond,Wolverhampton Wanderers,1,1,0.0,0.0,0.0,0.0,0.0,90.0,0.0,0.0,0.0,0.0,0.0,0.0,0.0,0.0,0.0,0.0,0.0,0.0,0.0,0.0,0.0,0.0,0.0,0.0,0.0,0.0
André,Wolverhampton Wanderers,33,2484,0.0,0.0,0.36,0.04,0.0,62.43,48.48,45.11,0.0,0.0,8.19,6.92,0.18,10.14,4.28,7.03,0.76,1.05,1.34,0.29,3.3,8.51,5.11,0.29,0.07,0.0
Boubacar Traoré,Wolverhampton Wanderers,1,1,0.0,0.0,0.0,0.0,0.0,180.0,0.0,0.0,0.0,0.0,0.0,0.0,0.0,0.0,0.0,0.0,0.0,0.0,0.0,0.0,180.0,0.0,0.0,0.0,0.0,0.0
Carlos Forbs,Wolverhampton Wanderers,10,232,0.0,0.0,0.78,0.0,0.0,51.59,0.0,0.0,0.0,0.0,0.0,0.0,0.0,0.0,0.0,0.0,1.55,0.78,0.0,0.0,3.1,0.0,0.0,0.0,0.0,0.0
Chiquinho,Wolverhampton Wanderers,1,6,0.0,0.0,0.0,0.0,0.0,45.0,0.0,0.0,0.0,0.0,0.0,0.0,0.0,0.0,0.0,0.0,0.0,0.0,0.0,0.0,0.0,0.0,0.0,0.0,0.0,0.0
Craig Dawson,Wolverhampton Wanderers,15,969,0.0,0.0,0.46,0.74,0.0,63.07,112.48,100.87,0.28,0.09,17.09,13.47,0.37,31.58,19.04,8.36,0.0,4.74,1.95,0.28,1.39,7.15,4.37,6.41,3.9,0.0
Dan Bentley,Wolverhampton Wanderers,2,180,0.0,0.0,0.0,0.0,0.0,38.0,0.0,0.0,0.0,0.0,0.0,0.0,0.0,0.0,0.0,0.0,0.0,1.5,0.0,0.0,0.0,0.0,0.0,0.0,0.0,0.0
Daniel Podence,Wolverhampton Wanderers,2,46,0.0,0.0,1.96,0.0,0.0,46.96,0.0,0.0,0.0,0.0,0.0,0.0,0.0,0.0,0.0,0.0,0.0,0.0,0.0,0.0,0.0,0.0,0.0,0.0,0.0,0.0
Emmanuel Agbadou,Wolverhampton Wanderers,16,1411,0.06,0.0,0.45,1.28,0.0,76.61,113.41,94.98,2.87,0.57,42.74,31.83,0.89,26.47,11.55,9.95,0.26,5.68,0.83,0.45,1.91,18.69,9.18,3.06,0.96,0.0
Gonçalo Guedes,Wolverhampton Wanderers,29,987,0.18,0.36,2.46,0.09,0.55,47.87,51.34,43.59,0.46,0.09,8.75,6.66,0.09,7.11,2.37,4.83,1.64,0.27,1.19,0.82,1.46,8.39,4.65,1.64,1.0,0.0
Hwang Hee-Chan,Wolverhampton Wanderers,21,650,0.28,0.0,0.69,0.0,0.0,40.71,0.0,0.0,0.0,0.0,0.0,0.0,0.0,0.0,0.0,0.0,1.38,1.38,0.0,0.0,0.83,0.0,0.0,0.0,0.0,0.0
Jean-Ricner Bellegarde,Wolverhampton Wanderers,35,1681,0.11,0.37,1.18,0.43,0.11,49.47,56.48,43.96,0.64,0.27,14.51,9.05,0.48,8.3,3.48,8.25,1.55,0.91,2.25,0.96,2.09,7.87,4.12,4.6,2.41,0.0
João Gomes,Wolverhampton Wanderers,36,2987,0.09,0.0,1.05,0.42,0.06,64.9,30.43,25.49,0.48,0.09,11.33,8.8,0.21,7.74,3.77,4.49,1.54,0.96,0.69,0.21,3.5,7.92,3.22,3.22,1.78,0.0
Jørgen Strand Larsen,Wolverhampton Wanderers,35,2599,0.0,0.0,1.87,1.0,0.45,27.46,23.55,19.08,1.84,0.42,13.99,10.98,0.17,9.52,5.75,2.7,1.18,1.0,0.48,0.0,0.35,7.69,3.19,1.25,0.28,0.0
José Sá,Wolverhampton Wanderers,29,2609,0.0,0.0,0.0,0.0,0.0,37.43,0.0,0.0,0.0,0.0,0.0,0.0,0.0,0.0,0.0,0.0,0.0,0.86,0.0,0.0,0.07,0.0,0.0,0.0,0.0,1.66
Mario Lemina,Wolverhampton Wanderers,17,1363,0.07,0.2,1.19,0.46,0.07,56.39,13.27,9.77,0.66,0.2,4.29,2.51,0.07,2.77,1.52,2.31,0.73,3.24,0.4,0.07,3.37,5.41,2.44,3.5,1.91,0.0
Marshall Munetsi,Wolverhampton Wanderers,14,1079,0.17,0.08,1.84,1.42,0.42,32.7,115.86,100.68,2.92,0.5,63.14,51.05,2.09,44.37,22.6,8.09,1.0,1.42,0.5,0.0,2.0,14.35,5.59,1.25,0.67,0.0
Mateus Mané,Wolverhampton Wanderers,1,1,0.0,0.0,0.0,0.0,0.0,540.0,0.0,0.0,0.0,0.0,0.0,0.0,0.0,0.0,0.0,0.0,0.0,0.0,0.0,0.0,0.0,0.0,0.0,0.0,0.0,0.0
Matheus Cunha,Wolverhampton Wanderers,33,2600,0.52,0.21,3.81,0.14,0.07,60.54,37.35,33.16,1.38,0.31,15.27,12.88,0.1,10.04,5.43,2.42,1.9,0.66,0.52,0.14,1.32,5.19,2.53,1.21,0.52,0.0
Matt Doherty,Wolverhampton Wanderers,30,2113,0.09,0.04,0.43,0.3,0.0,67.21,15.33,12.74,0.6,0.13,5.71,4.05,0.09,3.41,1.7,1.24,0.21,4.05,0.55,0.13,1.62,2.94,1.53,0.6,0.26,0.0
Nasser Djiga,Wolverhampton Wanderers,5,65,0.0,0.0,0.0,0.0,0.0,83.08,0.0,0.0,0.0,0.0,0.0,0.0,0.0,0.0,0.0,0.0,2.77,5.54,0.0,0.0,0.0,0.0,0.0,0.0,0.0,0.0
Nélson Semedo,Wolverhampton Wanderers,34,2891,0.0,0.12,0.56,0.28,0.03,56.57,28.86,25.31,0.19,0.06,9.12,7.47,0.22,4.14,1.93,3.55,0.65,2.62,0.9,0.37,1.93,6.1,3.33,1.56,0.84,0.0
Pablo Sarabia,Wolverhampton Wanderers,23,805,0.34,0.0,1.9,0.0,0.56,65.74,0.0,0.0,0.0,0.0,0.0,0.0,0.0,0.0,0.0,0.0,1.57,0.78,0.0,0.0,1.79,0.0,0.0,0.0,0.0,0.0
Pedro Lima,Wolverhampton Wanderers,3,70,0.0,0.0,1.29,0.0,0.0,66.86,0.0,0.0,0.0,0.0,0.0,0.0,0.0,0.0,0.0,0.0,0.0,5.14,0.0,0.0,1.29,0.0,0.0,0.0,0.0,0.0
Rayan Aït-Nouri,Wolverhampton Wanderers,37,3127,0.12,0.2,1.04,0.09,0.09,66.63,21.38,18.91,0.52,0.03,5.58,4.37,0.12,3.48,1.53,1.9,1.35,1.9,0.37,0.14,2.56,1.61,0.78,0.95,0.69,0.0
Rodrigo Gomes,Wolverhampton Wanderers,25,797,0.23,0.0,0.79,0.0,0.0,49.69,0.0,0.0,0.0,0.0,0.0,0.0,0.0,0.0,0.0,0.0,1.02,1.81,0.0,0.0,2.6,0.0,0.0,0.0,0.0,0.0
Sam Johnstone,Wolverhampton Wanderers,7,630,0.0,0.0,0.0,0.0,0.0,45.43,0.0,0.0,0.0,0.0,0.0,0.0,0.0,0.0,0.0,0.0,0.0,1.29,0.0,0.0,0.0,0.0,0.0,0.0,0.0,0.0
Santiago Bueno,Wolverhampton Wanderers,29,1682,0.0,0.0,0.32,0.16,0.0,55.97,63.94,57.63,0.96,0.37,17.39,14.88,0.05,15.62,7.71,5.83,0.11,3.75,1.5,0.37,2.19,11.34,5.46,2.35,1.02,0.0
Tom King,Wolverhampton Wanderers,1,1,0.0,0.0,0.0,0.0,0.0,90.0,0.0,0.0,0.0,0.0,0.0,0.0,0.0,0.0,0.0,0.0,0.0,0.0,0.0,0.0,0.0,0.0,0.0,0.0,0.0,0.0
Tommy Doyle,Wolverhampton Wanderers,24,475,0.0,0.19,1.71,0.0,0.19,90.57,0.0,0.0,0.0,0.0,0.0,0.0,0.0,0.0,0.0,0.0,0.76,2.08,0.0,0.0,2.08,0.0,0.0,0.0,0.0,0.0
Toti Gomes,Wolverhampton Wanderers,31,2615,0.0,0.0,0.24,0.28,0.03,72.62,55.62,43.23,3.2,0.79,23.16,16.18,0.41,12.05,6.54,4.54,0.52,5.06,1.07,0.31,2.1,6.78,3.37,0.55,0.1,0.0
Yerson Mosquera,Wolverhampton Wanderers,5,442,0.0,0.0,0.41,0.0,0.2,62.31,0.0,0.0,0.0,0.0,0.0,0.0,0.0,0.0,0.0,0.0,0.0,2.85,0.0,0.0,2.24,0.0,0.0,0.0,0.0,0.0
