Player Name,Club,Clean Sheets_Percentile,Possession Won_Percentile,Clearances_Percentile,Interceptions_Percentile,Blocks_Percentile,Tackles_Percentile,Ground Duels_Percentile,gDuels %_Percentile,Aerial Duels_Percentile,aDuels %_Percentile,xGoT Conceded_Percentile,Goals Conceded_Percentile,Defending_Percentile
Maxence Lacroix,Crystal Palace,98.36,91.78,98.84,95.16,99.13,93.52,57.83,98.55,97.87,97.29,50.0,50.0,85.69
Nikola Milenkovic,Nottingham Forest,99.71,92.84,99.03,93.52,80.08,85.88,93.42,94.2,86.65,92.07,50.0,50.0,84.78
Marc Cucurella,Chelsea,95.55,91.78,89.75,88.97,96.71,93.04,73.69,96.42,95.16,79.79,50.0,50.0,83.4
Ibrahima Konaté,Liverpool,98.36,98.94,95.26,98.26,80.08,76.98,98.26,84.43,67.31,93.23,50.0,50.0,82.59
Aaron Wan-Bissaka,West Ham United,85.98,96.71,93.33,100.0,86.27,94.39,92.75,94.2,77.47,62.86,50.0,50.0,82.0
Matty Cash,Aston Villa,85.98,88.49,83.08,99.03,95.74,88.78,72.05,94.2,92.84,81.43,50.0,50.0,81.8
Nathan Collins,Brentford,94.2,82.4,99.81,91.2,83.46,76.98,91.78,92.65,83.17,85.3,50.0,50.0,81.75
Joël Veltman,Brighton & Hove Albion,85.98,89.75,83.95,97.1,94.58,78.53,77.18,96.42,89.85,83.37,50.0,50.0,81.39
Levi Colwill,Chelsea,96.71,97.68,94.2,96.13,86.27,82.21,84.43,70.99,84.62,81.43,50.0,50.0,81.22
Antoine Semenyo,Bournemouth,89.17,94.78,70.31,99.81,76.6,88.2,94.68,77.66,85.88,97.29,50.0,50.0,81.2
Virgil van Dijk,Liverpool,100.0,72.63,98.07,97.1,80.08,73.11,76.4,91.49,88.1,83.37,50.0,50.0,80.03
Rúben Dias,Manchester City,98.36,98.55,86.17,99.61,83.46,50.77,94.29,84.43,67.31,94.87,50.0,50.0,79.82
Victor Kristiansen,Leicester City,53.68,84.43,85.2,99.32,92.36,97.29,53.87,94.2,97.49,99.42,50.0,50.0,79.77
Nicolás Domínguez,Nottingham Forest,74.85,71.18,80.85,87.72,96.23,97.1,53.48,98.55,96.71,99.42,50.0,50.0,79.67
Pedro Porro,Tottenham Hotspur,85.98,92.26,87.04,94.78,67.02,92.65,81.14,77.66,84.24,93.23,50.0,50.0,79.67
Jan Bednarek,Southampton,74.85,88.78,97.87,84.04,96.23,71.57,65.18,87.52,95.74,92.07,50.0,50.0,79.49
Ryan Gravenberch,Liverpool,98.36,79.01,82.59,86.36,83.46,94.1,79.69,70.99,85.88,92.07,50.0,50.0,79.38
William Saliba,Arsenal,99.42,73.6,94.39,86.36,98.55,91.2,60.35,73.98,87.33,83.37,50.0,50.0,79.05
Bruno Fernandes,Manchester United,95.55,97.87,67.89,89.85,83.46,96.62,99.81,77.66,65.47,73.69,50.0,50.0,78.99
Tosin Adarabioyo,Chelsea,91.59,84.82,89.46,85.2,91.59,50.77,72.63,95.65,86.46,95.84,50.0,50.0,78.67
James Garner,Everton,81.24,72.63,70.31,97.97,93.13,82.21,79.11,89.65,94.39,81.43,50.0,50.0,78.51
Morgan Rogers,Aston Villa,85.98,90.91,56.0,94.29,99.61,78.53,71.66,86.07,82.21,95.84,50.0,50.0,78.42
Nélson Semedo,Wolverhampton Wanderers,81.24,83.95,90.52,89.85,87.91,91.2,81.14,82.11,73.02,79.79,50.0,50.0,78.39
Dean Huijsen,Bournemouth,91.59,94.2,98.55,85.2,89.17,71.57,76.79,62.96,80.66,88.2,50.0,50.0,78.24
Noussair Mazraoui,Manchester United,81.24,98.26,90.14,92.75,80.08,99.42,88.1,82.11,60.44,62.86,50.0,50.0,77.95
Will Hughes,Crystal Palace,65.28,93.71,64.7,79.5,91.59,92.65,67.41,97.78,90.33,92.07,50.0,50.0,77.92
Trevoh Chalobah,Chelsea,85.98,83.95,92.65,91.97,83.46,66.44,83.85,77.66,72.44,93.23,50.0,50.0,77.64
Ezri Konsa,Aston Villa,94.2,89.36,93.04,97.58,97.49,68.96,64.02,62.96,95.74,67.31,50.0,50.0,77.56
Myles Lewis-Skelly,Arsenal,74.85,95.36,63.25,93.52,100.0,57.45,66.34,87.52,99.03,93.23,50.0,50.0,77.55
Boubacar Kamara,Aston Villa,89.17,90.62,77.95,87.72,83.46,85.11,74.08,80.27,61.41,97.29,50.0,50.0,77.26
Timothy Castagne,Fulham,74.85,98.07,88.01,82.59,86.27,81.04,85.3,82.11,80.27,67.31,50.0,50.0,77.15
Tino Livramento,Newcastle United,91.59,59.57,91.78,77.76,95.74,87.62,74.08,62.96,98.84,85.3,50.0,50.0,77.1
Trent Alexander-Arnold,Liverpool,81.24,71.18,78.63,89.85,87.91,94.58,58.99,89.65,84.91,88.2,50.0,50.0,77.09
Ilkay Gündogan,Manchester City,74.85,94.78,61.03,96.13,95.07,61.41,59.38,94.2,93.91,94.29,50.0,50.0,77.09
Mateo Kovacic,Manchester City,81.24,97.2,59.57,88.97,76.6,94.1,98.84,77.66,54.93,93.23,50.0,50.0,76.86
Lewis Cook,Bournemouth,85.98,79.01,85.2,67.21,94.0,95.55,45.07,89.65,86.94,93.23,50.0,50.0,76.82
Ryan Yates,Nottingham Forest,89.17,94.78,83.56,89.85,89.17,78.05,86.85,73.98,69.25,65.57,50.0,50.0,76.69
Moisés Caicedo,Chelsea,96.71,87.72,81.33,82.59,67.02,99.23,91.78,58.32,89.85,65.57,50.0,50.0,76.68
Lucas Digne,Aston Villa,81.24,92.84,90.52,74.76,63.25,92.07,96.13,68.28,91.01,68.38,50.0,50.0,76.54
João Gomes,Wolverhampton Wanderers,81.24,92.84,69.05,82.59,73.4,99.61,93.04,50.97,91.59,81.43,50.0,50.0,76.31
Vitalii Mykolenko,Everton,96.71,81.04,95.94,87.72,80.08,91.49,61.22,70.99,60.44,88.2,50.0,50.0,76.15
Mohammed Kudus,West Ham United,65.28,100.0,35.98,98.55,83.46,73.11,98.07,87.52,77.47,94.29,50.0,50.0,76.14
Josko Gvardiol,Manchester City,98.36,74.76,93.33,81.14,63.25,89.85,82.4,84.43,69.25,76.89,50.0,50.0,76.14
Dango Ouattara,Bournemouth,65.28,96.32,78.63,97.1,70.31,70.31,97.0,77.66,96.13,63.93,50.0,50.0,76.06
Keane Lewis-Potter,Brentford,91.59,65.76,85.2,91.97,87.91,83.95,69.15,82.11,71.95,79.79,50.0,50.0,75.78
Mats Wieffer,Brighton & Hove Albion,65.28,80.37,64.12,81.14,90.52,89.85,56.87,95.65,85.88,99.42,50.0,50.0,75.76
Sander Berge,Fulham,74.85,96.91,72.24,93.52,86.27,85.11,87.62,82.11,56.09,70.7,50.0,50.0,75.45
Yoane Wissa,Brentford,85.98,91.2,57.16,82.59,92.36,57.45,95.16,87.52,69.25,85.3,50.0,50.0,75.33
Edson Álvarez,West Ham United,23.79,99.61,75.34,91.2,80.08,85.11,99.03,65.76,88.1,95.84,50.0,50.0,75.32
Cameron Burgess,Ipswich Town,23.79,99.23,95.26,97.97,86.27,50.77,95.65,82.11,81.53,88.2,50.0,50.0,75.06
Danny Welbeck,Brighton & Hove Albion,65.28,82.4,49.71,92.75,99.81,62.38,61.22,97.78,99.42,86.75,50.0,50.0,74.79
André,Wolverhampton Wanderers,85.98,98.94,67.5,94.78,76.6,98.36,90.23,91.49,43.62,47.78,50.0,50.0,74.61
Flynn Downes,Southampton,74.85,59.57,79.79,72.82,98.26,83.95,49.52,97.0,89.56,88.2,50.0,50.0,74.46
Wilfred Ndidi,Leicester City,65.28,86.36,87.43,81.14,90.52,96.91,90.62,54.26,64.41,75.63,50.0,50.0,74.38
Bruno Guimarães,Newcastle United,85.98,94.2,74.56,69.73,59.38,96.03,93.81,73.98,92.55,52.22,50.0,50.0,74.37
Dan Burn,Newcastle United,99.71,74.08,98.55,62.86,83.46,75.24,81.14,60.44,92.55,63.93,50.0,50.0,74.33
Kobbie Mainoo,Manchester United,65.28,66.83,46.23,95.55,94.0,81.04,54.55,97.0,87.62,98.65,50.0,50.0,73.9
Illia Zabarnyi,Bournemouth,94.2,83.37,97.29,58.8,70.31,86.36,83.08,60.44,88.78,63.93,50.0,50.0,73.88
Callum Hudson-Odoi,Nottingham Forest,74.85,95.84,46.23,77.76,93.13,57.45,73.11,97.0,85.3,85.3,50.0,50.0,73.83
Jack Stephens,Southampton,53.68,57.93,79.3,79.5,97.78,68.96,56.19,98.26,94.78,98.26,50.0,50.0,73.72
Toti Gomes,Wolverhampton Wanderers,94.2,88.97,96.91,91.2,80.08,90.81,81.82,68.28,47.78,44.49,50.0,50.0,73.71
Marc Guéhi,Crystal Palace,98.36,64.51,97.1,69.73,73.4,90.81,57.83,73.98,80.27,78.34,50.0,50.0,73.69
Joelinton,Newcastle United,91.59,99.42,77.27,85.2,63.25,89.17,99.61,62.96,65.47,49.71,50.0,50.0,73.64
Daichi Kamada,Crystal Palace,65.28,78.34,49.71,87.72,97.2,82.21,58.99,68.28,99.81,95.84,50.0,50.0,73.61
James Maddison,Tottenham Hotspur,23.79,76.4,54.93,96.13,99.42,66.44,72.63,95.65,96.32,100.0,50.0,50.0,73.48
Casemiro,Manchester United,74.85,55.13,78.63,76.21,89.17,96.03,55.03,87.52,89.26,79.79,50.0,50.0,73.47
Jan Paul van Hecke,Brighton & Hove Albion,91.59,52.42,96.23,72.82,89.17,80.08,45.55,94.2,71.18,88.2,50.0,50.0,73.45
Manuel Ugarte,Manchester United,53.68,88.49,51.26,88.97,92.36,94.97,79.4,86.07,88.78,56.96,50.0,50.0,73.41
Destiny Udogie,Tottenham Hotspur,23.79,95.55,66.44,94.78,76.6,94.78,83.85,70.99,78.92,94.29,50.0,50.0,73.33
Lesley Ugochukwu,Southampton,23.79,86.36,62.09,92.75,97.2,85.11,67.41,77.66,96.52,89.75,50.0,50.0,73.22
Christian Eriksen,Manchester United,53.68,98.55,35.98,98.55,95.07,53.19,85.69,77.66,87.33,92.07,50.0,50.0,73.15
Lewis Dunk,Brighton & Hove Albion,74.85,85.59,89.07,74.76,91.59,50.77,74.66,84.43,79.79,71.76,50.0,50.0,73.11
Ian Maatsen,Aston Villa,65.28,76.4,65.28,73.79,90.52,63.83,58.41,92.65,91.01,98.94,50.0,50.0,73.01
Santiago Bueno,Wolverhampton Wanderers,81.24,81.82,86.17,88.97,73.4,77.66,86.07,62.96,70.5,65.57,50.0,50.0,72.86
Ashley Young,Everton,91.59,53.68,82.11,82.59,83.46,89.85,51.45,87.52,68.38,83.37,50.0,50.0,72.83
Thomas Partey,Arsenal,91.59,56.87,76.5,81.14,70.31,97.68,57.16,86.07,83.66,71.76,50.0,50.0,72.73
Amad Diallo,Manchester United,85.98,64.8,53.0,86.36,73.4,73.11,73.4,95.65,76.02,91.01,50.0,50.0,72.73
Taylor Harwood-Bellis,Southampton,74.85,90.04,96.52,94.0,80.08,4.74,91.49,89.65,77.47,73.69,50.0,50.0,72.71
Wesley Fofana,Chelsea,53.68,87.72,80.85,91.2,93.13,41.97,90.23,65.76,93.91,73.69,50.0,50.0,72.68
Ryan Christie,Bournemouth,81.24,60.83,79.3,73.79,83.46,87.62,64.6,89.65,53.09,98.26,50.0,50.0,72.65
Jérémy Doku,Manchester City,74.85,88.1,19.83,93.52,97.78,66.44,51.74,89.65,93.42,95.84,50.0,50.0,72.6
Tyrick Mitchell,Crystal Palace,91.59,47.2,92.17,54.74,86.27,98.36,43.52,100.0,73.79,81.43,50.0,50.0,72.42
Jarrod Bowen,West Ham United,85.98,67.89,59.57,86.36,89.17,77.66,59.57,89.65,76.02,76.89,50.0,50.0,72.4
Leandro Trossard,Arsenal,85.98,83.37,49.71,85.2,76.6,66.44,75.53,77.66,78.92,88.2,50.0,50.0,72.3
Manuel Akanji,Manchester City,85.98,86.85,83.95,87.72,63.25,53.19,91.3,77.66,63.54,73.69,50.0,50.0,72.26
Matthijs de Ligt,Manchester United,74.85,68.96,91.49,82.59,76.6,64.8,74.47,91.49,67.31,73.69,50.0,50.0,72.19
Elliot Anderson,Nottingham Forest,65.28,70.5,85.69,79.5,76.6,98.65,72.63,80.27,65.47,69.73,50.0,50.0,72.03
Mikkel Damsgaard,Brentford,65.28,96.13,5.61,97.58,83.46,96.03,84.91,91.49,85.3,56.96,50.0,50.0,71.9
Jefferson Lerma,Crystal Palace,74.85,81.04,89.07,88.97,83.46,70.31,78.82,73.98,62.57,58.03,50.0,50.0,71.76
Jarrad Branthwaite,Everton,94.2,88.1,97.68,72.82,63.25,71.57,97.68,50.97,79.5,44.97,50.0,50.0,71.73
Tomás Soucek,West Ham United,85.98,49.13,90.52,62.86,73.4,81.04,44.87,99.23,83.17,89.75,50.0,50.0,71.66
Jannik Vestergaard,Leicester City,23.79,74.47,87.43,87.72,96.71,57.45,52.22,98.94,90.62,88.2,50.0,50.0,71.46
Emmanuel Agbadou,Wolverhampton Wanderers,81.24,94.2,91.1,67.21,73.4,64.8,95.65,65.76,71.95,51.55,50.0,50.0,71.4
Tyrone Mings,Aston Villa,74.85,76.98,83.37,96.62,91.59,29.11,80.66,86.07,80.95,55.61,50.0,50.0,71.32
Rico Lewis,Manchester City,74.85,86.36,74.56,95.55,76.6,64.8,68.28,53.0,82.59,78.34,50.0,50.0,71.24
Kaoru Mitoma,Brighton & Hove Albion,74.85,91.78,32.88,79.5,80.08,80.08,89.26,77.66,80.27,67.31,50.0,50.0,71.14
Mikel Merino,Arsenal,74.85,97.2,62.09,87.72,59.38,81.04,97.0,73.98,67.31,50.58,50.0,50.0,70.93
Orel Mangala,Everton,74.85,84.43,59.57,90.52,83.46,48.16,78.43,77.66,86.27,65.57,50.0,50.0,70.74
Jean-Ricner Bellegarde,Wolverhampton Wanderers,23.79,93.71,54.93,96.62,94.0,75.24,70.5,73.98,87.81,76.89,50.0,50.0,70.62
Lucas Bergvall,Tottenham Hotspur,53.68,79.01,59.57,85.2,63.25,75.24,73.4,86.07,82.21,86.75,50.0,50.0,70.37
Dejan Kulusevski,Tottenham Hotspur,85.98,82.79,38.88,81.14,67.02,80.08,83.46,94.2,56.77,73.69,50.0,50.0,70.33
Fabian Schär,Newcastle United,96.71,67.89,95.74,64.8,70.31,71.57,94.68,50.97,76.89,53.38,50.0,50.0,70.24
Erling Haaland,Manchester City,89.17,54.45,61.03,84.04,94.0,37.72,49.03,89.65,91.59,89.75,50.0,50.0,70.04
Lisandro Martínez,Manchester United,85.98,65.28,81.72,84.04,76.6,76.98,71.18,70.99,48.94,78.34,50.0,50.0,70.0
Jesper Lindstrøm,Everton,53.68,82.98,49.71,77.76,86.27,80.08,77.37,82.11,73.02,76.89,50.0,50.0,69.99
Savinho,Manchester City,74.85,75.63,38.88,79.5,98.84,59.19,55.03,77.66,98.65,81.43,50.0,50.0,69.97
Declan Rice,Arsenal,91.59,86.36,79.79,67.21,67.02,86.94,97.87,45.26,56.77,60.25,50.0,50.0,69.92
Ola Aina,Nottingham Forest,98.36,52.42,92.84,62.86,73.4,88.2,51.74,70.99,49.9,97.29,50.0,50.0,69.83
Jamie Vardy,Leicester City,23.79,80.37,63.25,99.32,98.55,53.19,57.16,73.98,92.26,95.84,50.0,50.0,69.81
Murillo,Nottingham Forest,98.36,55.61,100.0,54.74,51.06,86.94,61.9,99.61,52.22,76.89,50.0,50.0,69.78
Antonee Robinson,Fulham,85.98,63.64,94.87,76.21,83.46,98.94,50.97,55.32,53.09,73.69,50.0,50.0,69.68
Evanilson,Bournemouth,65.28,75.63,59.57,84.04,76.6,48.16,64.31,99.81,76.89,83.37,50.0,50.0,69.47
Abdoulaye Doucouré,Everton,89.17,93.23,57.16,60.93,70.31,83.08,85.49,46.71,84.62,61.61,50.0,50.0,69.36
James Tarkowski,Everton,96.71,64.51,99.23,67.21,67.02,91.68,49.52,56.58,53.87,85.3,50.0,50.0,69.3
Brennan Johnson,Tottenham Hotspur,53.68,99.81,41.49,86.36,70.31,75.24,96.71,65.76,74.56,67.31,50.0,50.0,69.27
Noni Madueke,Chelsea,65.28,90.33,41.49,82.59,83.46,61.41,92.07,68.28,83.17,61.61,50.0,50.0,69.14
Pedro Neto,Chelsea,81.24,93.42,25.82,94.29,93.13,59.19,86.46,77.66,62.57,54.55,50.0,50.0,69.03
Tyler Dibling,Southampton,23.79,95.84,53.0,76.21,87.91,68.96,88.1,91.49,68.38,71.76,50.0,50.0,68.79
Malo Gusto,Chelsea,81.24,78.34,74.56,58.8,73.4,80.08,47.1,77.66,81.53,69.73,50.0,50.0,68.54
James Justin,Leicester City,65.28,66.44,94.0,64.8,63.25,89.85,91.01,80.27,44.87,60.25,50.0,50.0,68.33
Yankuba Minteh,Brighton & Hove Albion,53.68,85.11,66.44,77.76,70.31,83.08,84.43,68.28,64.41,65.57,50.0,50.0,68.26
Anthony Gordon,Newcastle United,65.28,95.16,28.24,62.86,80.08,67.79,99.42,50.97,96.91,69.73,50.0,50.0,68.04
Maximilian Kilman,West Ham United,89.17,44.0,99.42,72.82,83.46,75.24,44.0,49.23,71.18,85.3,50.0,50.0,67.82
Daniel Muñoz,Crystal Palace,98.36,52.42,91.78,49.42,63.25,99.81,66.92,60.44,72.44,55.61,50.0,50.0,67.54
Tyler Adams,Bournemouth,81.24,68.38,72.24,56.67,67.02,96.03,93.23,62.96,62.57,49.71,50.0,50.0,67.5
Craig Dawson,Wolverhampton Wanderers,53.68,73.6,80.27,79.5,59.38,46.13,50.97,92.65,82.79,91.01,50.0,50.0,67.5
Alexander Isak,Newcastle United,74.85,92.46,54.93,81.14,70.31,39.65,96.32,68.28,76.02,55.61,50.0,50.0,67.46
Yehor Yarmoliuk,Brentford,65.28,68.96,68.38,56.67,76.6,83.95,81.82,56.58,81.53,69.05,50.0,50.0,67.4
Stephy Mavididi,Leicester City,23.79,87.04,48.07,90.52,99.13,68.96,57.83,56.58,93.23,83.37,50.0,50.0,67.38
Guido Rodríguez,West Ham United,53.68,62.77,5.61,95.55,87.91,71.57,49.03,92.65,89.26,98.94,50.0,50.0,67.25
Carlos Soler,West Ham United,23.79,78.34,57.16,69.73,83.46,48.16,74.95,94.2,78.24,97.29,50.0,50.0,67.11
Ben White,Arsenal,85.98,81.04,73.31,82.59,70.31,54.35,89.85,68.28,47.78,51.55,50.0,50.0,67.09
Chris Richards,Crystal Palace,91.59,54.45,93.71,49.42,70.31,82.21,57.83,44.78,100.0,60.25,50.0,50.0,67.05
Sandro Tonali,Newcastle United,96.71,50.77,5.61,71.47,95.74,85.88,52.22,86.07,82.21,76.89,50.0,50.0,66.96
Cristian Romero,Tottenham Hotspur,65.28,75.63,80.85,54.74,80.08,70.31,69.92,73.98,57.83,73.69,50.0,50.0,66.86
Neco Williams,Nottingham Forest,91.59,53.29,94.58,46.03,55.22,98.07,78.14,47.68,78.24,59.09,50.0,50.0,66.83
Idrissa Gueye,Everton,98.36,50.1,70.31,47.49,90.52,100.0,44.49,68.28,45.94,85.3,50.0,50.0,66.73
Andy Robertson,Liverpool,89.17,73.21,75.73,52.13,51.06,75.24,80.37,60.44,79.79,60.25,50.0,50.0,66.45
Jurriën Timber,Arsenal,91.59,50.1,75.34,52.13,63.25,89.85,70.79,43.33,97.68,61.61,50.0,50.0,66.31
Milos Kerkez,Bournemouth,95.55,77.76,92.46,58.8,24.76,86.36,94.97,50.97,53.87,60.25,50.0,50.0,66.31
Lewis Hall,Newcastle United,91.59,62.77,80.27,44.78,24.76,89.85,94.0,45.94,95.74,65.57,50.0,50.0,66.27
David Brooks,Bournemouth,23.79,79.69,38.88,98.84,98.07,44.39,56.19,70.99,93.04,91.01,50.0,50.0,66.24
Axel Tuanzebe,Ipswich Town,53.68,49.13,81.72,64.8,94.0,66.44,46.23,68.28,90.14,79.79,50.0,50.0,66.18
Yasin Ayari,Brighton & Hove Albion,53.68,83.37,64.12,67.21,80.08,90.52,72.05,65.76,49.9,67.31,50.0,50.0,66.17
Leif Davis,Ipswich Town,65.28,52.42,86.75,74.76,59.38,81.04,46.81,92.65,60.44,73.69,50.0,50.0,66.1
Archie Gray,Tottenham Hotspur,65.28,66.05,77.95,85.2,63.25,48.16,70.5,89.65,53.09,73.69,50.0,50.0,66.07
Bilal El Khannouss,Leicester City,53.68,72.05,38.88,76.21,70.31,85.11,77.95,77.66,71.57,68.38,50.0,50.0,65.98
Youri Tielemans,Aston Villa,81.24,51.35,77.27,62.86,80.08,96.62,54.55,84.43,45.94,56.96,50.0,50.0,65.94
Kieran Trippier,Newcastle United,65.28,72.63,75.73,76.21,55.22,73.11,79.98,60.44,73.02,59.09,50.0,50.0,65.89
Ethan Pinnock,Brentford,65.28,61.7,96.23,43.71,55.22,70.31,69.92,73.98,90.62,61.61,50.0,50.0,65.72
Alex Iwobi,Fulham,65.28,90.62,66.44,69.73,51.06,79.21,88.1,68.28,65.47,44.29,50.0,50.0,65.71
Matt O'Riley,Brighton & Hove Albion,23.79,62.77,38.88,92.75,95.07,48.16,50.1,92.65,88.39,95.84,50.0,50.0,65.7
Pape Sarr,Tottenham Hotspur,53.68,58.51,63.25,60.93,86.27,83.95,47.97,97.78,71.95,61.61,50.0,50.0,65.49
Wout Faes,Leicester City,74.85,71.18,97.49,62.86,24.76,78.05,88.68,58.32,75.15,54.55,50.0,50.0,65.49
Ismaïla Sarr,Crystal Palace,74.85,51.84,73.31,58.8,73.4,57.45,46.23,97.0,61.41,91.01,50.0,50.0,65.44
Luke Thomas,Leicester City,65.28,47.2,76.79,76.21,89.17,66.44,43.33,87.52,59.38,73.69,50.0,50.0,65.42
Facundo Buonanotte,Leicester City,23.79,69.83,46.23,91.97,80.08,86.94,79.4,70.99,61.9,73.69,50.0,50.0,65.4
Marcus Tavernier,Bournemouth,23.79,65.28,38.88,87.72,73.4,79.21,61.22,95.65,68.38,91.01,50.0,50.0,65.38
Diogo Jota,Liverpool,53.68,81.82,30.56,79.5,76.6,44.39,82.4,82.11,62.57,89.75,50.0,50.0,65.28
Conor Coady,Leicester City,65.28,45.55,86.75,58.8,86.27,41.97,44.49,97.78,60.44,95.84,50.0,50.0,65.26
Iliman Ndiaye,Everton,91.59,84.82,51.26,67.21,24.76,86.94,67.89,68.28,56.09,83.37,50.0,50.0,65.18
Mads Roerslev,Brentford,65.28,85.59,68.38,84.04,76.6,52.22,68.28,65.76,54.93,59.09,50.0,50.0,65.01
João Pedro,Brighton & Hove Albion,65.28,77.47,46.23,69.73,55.22,48.16,88.68,82.11,58.41,88.2,50.0,50.0,64.96
Jean-Clair Todibo,West Ham United,53.68,62.77,89.94,44.78,63.25,82.21,76.79,47.68,98.45,58.03,50.0,50.0,64.8
Micky van de Ven,Tottenham Hotspur,53.68,71.76,73.31,71.47,67.02,35.88,76.02,58.32,93.62,75.63,50.0,50.0,64.73
Cole Palmer,Chelsea,85.98,58.51,57.16,67.21,96.71,68.96,44.0,77.66,62.57,58.03,50.0,50.0,64.73
Jake O'Brien,Everton,85.98,44.68,91.1,52.13,76.6,62.38,45.55,94.2,54.93,69.05,50.0,50.0,64.72
Kevin De Bruyne,Manchester City,81.24,69.83,35.98,49.42,63.25,50.77,88.97,60.44,98.16,78.34,50.0,50.0,64.7
Konstantinos Mavropanos,West Ham United,65.28,50.1,94.87,64.8,63.25,70.31,53.19,58.32,73.79,81.43,50.0,50.0,64.61
Rayan Aït-Nouri,Wolverhampton Wanderers,23.79,61.22,85.2,67.21,67.02,97.68,47.39,62.96,61.41,99.81,50.0,50.0,64.47
Carlos Baleba,Brighton & Hove Albion,81.24,60.44,76.11,56.67,70.31,95.26,59.86,48.45,53.87,70.7,50.0,50.0,64.41
Rodrigo Muniz,Fulham,23.79,97.49,49.71,90.52,86.27,35.88,89.85,58.32,73.79,65.57,50.0,50.0,64.27
Alexis Mac Allister,Liverpool,95.55,81.82,5.61,62.86,55.22,98.94,87.33,65.76,56.09,61.61,50.0,50.0,64.23
Emile Smith Rowe,Fulham,23.79,69.83,53.0,64.8,89.17,66.44,47.97,98.94,71.18,85.3,50.0,50.0,64.2
Matheus Cunha,Wolverhampton Wanderers,74.85,64.02,57.16,71.47,63.25,73.11,71.18,65.76,62.57,65.57,50.0,50.0,64.08
Lucas Paquetá,West Ham United,74.85,79.69,70.31,54.74,24.76,92.65,95.36,53.0,74.56,48.65,50.0,50.0,64.05
Joe Aribo,Southampton,23.79,74.76,66.44,64.8,55.22,82.21,89.56,62.96,94.2,53.38,50.0,50.0,63.94
Djed Spence,Tottenham Hotspur,65.28,45.55,82.11,54.74,55.22,82.21,62.38,45.94,98.16,75.63,50.0,50.0,63.93
Dominic Solanke,Tottenham Hotspur,65.28,89.17,62.09,58.8,67.02,52.22,80.37,54.26,69.25,68.38,50.0,50.0,63.9
Vitaly Janelt,Brentford,53.68,47.97,78.63,56.67,86.27,73.11,55.42,60.44,67.31,86.75,50.0,50.0,63.85
Raúl Jiménez,Fulham,23.79,68.38,62.09,60.93,67.02,70.31,87.33,55.32,99.23,70.7,50.0,50.0,63.76
Rodrigo Bentancur,Tottenham Hotspur,65.28,43.33,72.24,49.42,55.22,76.98,55.42,73.98,95.36,76.89,50.0,50.0,63.68
Pau Torres,Aston Villa,85.98,43.52,87.43,43.71,55.22,55.61,61.9,43.52,97.29,89.75,50.0,50.0,63.66
Enzo Fernández,Chelsea,91.59,44.87,58.22,49.42,51.06,92.07,61.9,44.29,92.07,78.34,50.0,50.0,63.65
Bryan Mbeumo,Brentford,94.2,64.02,80.27,46.03,24.76,83.95,86.07,70.99,59.38,53.38,50.0,50.0,63.59
Sam Szmodics,Ipswich Town,23.79,87.43,46.23,79.5,76.6,48.16,67.12,77.66,73.02,83.37,50.0,50.0,63.57
Ben Davies,Tottenham Hotspur,74.85,56.87,89.46,67.21,67.02,50.77,66.54,49.23,64.41,75.63,50.0,50.0,63.5
Amadou Onana,Aston Villa,65.28,77.47,74.56,56.67,55.22,88.2,71.66,49.23,64.41,59.09,50.0,50.0,63.48
Anthony Elanga,Nottingham Forest,74.85,75.63,58.22,54.74,55.22,53.19,93.62,73.98,47.78,73.69,50.0,50.0,63.41
Gabriel Martinelli,Arsenal,74.85,61.22,53.0,60.93,59.38,59.19,90.62,60.44,83.95,55.61,50.0,50.0,63.27
Igor Julio,Brighton & Hove Albion,53.68,96.52,73.31,77.76,55.22,22.92,97.49,73.98,57.35,50.58,50.0,50.0,63.23
Martin Ødegaard,Arsenal,85.98,83.95,28.24,84.04,24.76,53.19,86.85,82.11,50.58,78.34,50.0,50.0,63.17
Jakub Kiwior,Arsenal,74.85,60.83,82.59,58.8,59.38,57.45,46.62,70.99,51.26,94.87,50.0,50.0,63.14
Bukayo Saka,Arsenal,65.28,51.35,30.56,71.47,90.52,63.83,47.58,89.65,70.79,75.63,50.0,50.0,63.06
Kyle Walker,Manchester City,23.79,89.56,43.91,76.21,90.52,50.77,92.75,73.98,60.44,54.55,50.0,50.0,63.04
Matt Doherty,Wolverhampton Wanderers,85.98,44.39,92.17,67.21,59.38,73.11,48.65,73.98,45.94,65.57,50.0,50.0,63.03
James Bree,Southampton,53.68,65.28,65.28,82.59,63.25,53.19,65.18,82.11,54.93,69.05,50.0,50.0,62.88
Kai Havertz,Arsenal,91.59,62.77,69.05,76.21,70.31,48.16,65.86,60.44,59.38,48.65,50.0,50.0,62.7
Mateus Fernandes,Southampton,53.68,87.23,5.61,73.79,51.06,97.68,98.45,62.96,69.25,51.55,50.0,50.0,62.6
Jack Harrison,Everton,65.28,59.57,68.38,72.82,59.38,67.79,52.8,58.32,63.54,83.37,50.0,50.0,62.6
Kyle Walker-Peters,Southampton,65.28,79.01,88.01,58.8,24.76,79.21,92.26,58.32,59.38,44.97,50.0,50.0,62.5
Diogo Dalot,Manchester United,94.2,49.13,84.43,56.67,24.76,93.52,63.54,44.78,76.02,62.86,50.0,50.0,62.49
Gabriel Magalhães,Arsenal,96.71,67.31,91.1,49.42,24.76,61.41,84.43,46.71,77.47,50.58,50.0,50.0,62.49
Luis Díaz,Liverpool,81.24,50.1,32.88,79.5,70.31,75.24,53.87,70.99,54.93,79.79,50.0,50.0,62.4
Mathys Tel,Tottenham Hotspur,53.68,62.77,35.98,73.79,55.22,48.16,65.86,87.52,78.92,86.75,50.0,50.0,62.39
Morgan Gibbs-White,Nottingham Forest,74.85,85.59,5.61,52.13,73.4,78.53,99.23,53.0,80.95,44.97,50.0,50.0,62.36
Christian Nørgaard,Brentford,81.24,44.39,84.43,54.74,55.22,95.26,52.22,50.97,65.47,63.93,50.0,50.0,62.32
Adam Smith,Bournemouth,74.85,54.45,73.31,71.47,67.02,60.35,54.16,62.96,58.41,70.7,50.0,50.0,62.31
Phil Foden,Manchester City,53.68,53.29,32.88,71.47,92.36,41.97,44.49,89.65,77.95,89.75,50.0,50.0,62.29
Liam Delap,Ipswich Town,23.79,68.96,66.44,91.97,76.6,37.72,56.19,84.43,58.41,81.43,50.0,50.0,62.16
Sepp van den Berg,Brentford,85.98,53.0,95.55,56.67,24.76,75.24,62.86,53.0,44.2,94.29,50.0,50.0,62.13
James Ward-Prowse,West Ham United,81.24,47.97,57.16,49.42,63.25,60.35,60.35,62.96,91.59,70.7,50.0,50.0,62.08
Yukinari Sugawara,Southampton,23.79,71.18,77.27,74.76,70.31,66.44,69.92,70.99,45.94,73.69,50.0,50.0,62.02
Jack Hinshelwood,Brighton & Hove Albion,65.28,51.35,72.24,67.21,87.91,63.15,49.52,80.27,47.78,59.09,50.0,50.0,61.98
Michael Keane,Everton,74.85,59.57,84.72,60.93,76.6,39.65,46.23,62.96,66.34,71.76,50.0,50.0,61.97
Mohamed Salah,Liverpool,94.2,90.04,28.24,47.49,51.06,55.61,100.0,56.58,73.79,46.03,50.0,50.0,61.92
Rasmus Højlund,Manchester United,23.79,91.2,30.56,86.36,70.31,18.57,98.65,84.43,74.56,63.93,50.0,50.0,61.86
Marcus Rashford,Aston Villa,65.28,85.59,38.88,49.42,59.38,50.77,89.26,55.32,78.92,67.31,50.0,50.0,61.68
Jacob Greaves,Ipswich Town,65.28,76.4,96.71,67.21,24.76,76.98,78.82,54.26,52.22,47.0,50.0,50.0,61.64
Jean-Philippe Mateta,Crystal Palace,81.24,58.51,61.03,60.93,59.38,52.22,81.14,70.99,58.41,55.61,50.0,50.0,61.62
Cameron Archer,Southampton,23.79,51.35,38.88,69.73,90.52,41.97,43.71,99.42,81.53,97.29,50.0,50.0,61.52
Pervis Estupiñán,Brighton & Hove Albion,74.85,57.93,82.59,58.8,51.06,92.07,66.73,60.44,44.49,47.78,50.0,50.0,61.4
Eddie Nketiah,Crystal Palace,23.79,72.63,41.49,74.76,76.6,46.13,76.02,65.76,76.02,83.37,50.0,50.0,61.38
Ryan Manning,Southampton,23.79,67.31,74.56,77.76,95.07,4.74,45.55,86.07,83.66,76.89,50.0,50.0,61.28
Beto,Everton,53.68,74.08,63.25,52.13,63.25,44.39,83.08,62.96,70.02,67.31,50.0,50.0,61.18
Mario Lemina,Wolverhampton Wanderers,53.68,45.55,79.3,52.13,51.06,85.88,52.8,56.58,75.15,81.43,50.0,50.0,61.13
Bernardo Silva,Manchester City,95.55,48.45,5.61,47.49,55.22,88.78,69.92,47.68,99.61,71.76,50.0,50.0,60.84
Calvin Bassey,Fulham,85.98,45.55,93.71,44.78,51.06,87.62,60.74,47.68,66.34,46.52,50.0,50.0,60.83
Harry Maguire,Manchester United,65.28,56.29,88.78,54.74,51.06,64.8,53.48,92.65,56.09,44.97,50.0,50.0,60.68
Dominic Calvert-Lewin,Everton,74.85,47.2,62.09,43.71,80.08,33.56,82.4,45.94,91.59,65.57,50.0,50.0,60.58
Kevin Schade,Brentford,65.28,62.77,5.61,64.8,59.38,75.24,56.19,84.43,65.47,86.75,50.0,50.0,60.49
Andreas Pereira,Fulham,53.68,79.69,53.0,79.5,63.25,60.35,59.86,70.99,52.22,53.38,50.0,50.0,60.49
Ben Johnson,Ipswich Town,23.79,46.52,81.33,72.82,76.6,73.11,48.36,46.71,57.35,97.29,50.0,50.0,60.32
Reece James,Chelsea,65.28,45.55,59.57,58.8,70.31,35.88,50.58,82.11,64.41,89.75,50.0,50.0,60.19
John McGinn,Aston Villa,65.28,57.54,49.71,58.8,24.76,68.28,83.46,55.32,88.78,69.73,50.0,50.0,60.14
Caleb Okoli,Leicester City,53.68,74.08,88.49,67.21,24.76,61.41,68.86,89.65,44.87,46.52,50.0,50.0,59.96
Kalvin Phillips,Ipswich Town,53.68,59.57,70.99,52.13,63.25,70.31,78.43,49.23,67.31,53.38,50.0,50.0,59.86
Kamaldeen Sulemana,Southampton,23.79,76.98,32.88,69.73,59.38,57.45,94.29,53.0,76.02,73.69,50.0,50.0,59.77
Justin Kluivert,Bournemouth,53.68,49.13,62.09,52.13,63.25,59.19,67.7,44.29,97.1,68.38,50.0,50.0,59.74
Dara O'Shea,Ipswich Town,65.28,49.13,99.61,47.49,24.76,83.95,62.38,47.68,76.02,58.03,50.0,50.0,59.53
Boubakary Soumaré,Leicester City,53.68,59.57,69.63,47.49,59.38,72.15,75.24,70.99,57.35,48.36,50.0,50.0,59.49
Álex Moreno,Nottingham Forest,53.68,56.29,73.31,46.03,55.22,61.41,82.79,44.29,86.94,53.38,50.0,50.0,59.44
Curtis Jones,Liverpool,53.68,73.21,35.98,74.76,67.02,75.24,74.08,62.96,48.94,47.0,50.0,50.0,59.41
Sasa Lukic,Fulham,23.79,67.89,69.05,52.13,55.22,93.52,84.43,68.28,43.33,53.38,50.0,50.0,59.25
Jordan Ayew,Crystal Palace,23.79,62.77,56.0,76.21,73.4,4.74,69.44,95.65,68.38,79.79,50.0,50.0,59.18
Kristoffer Ajer,Brentford,53.68,52.42,77.95,46.03,63.25,62.38,45.55,77.66,47.78,83.37,50.0,50.0,59.17
Son Heung-Min,Tottenham Hotspur,65.28,69.83,53.0,62.86,55.22,50.77,86.85,50.97,54.93,59.09,50.0,50.0,59.07
Jadon Sancho,Chelsea,74.85,55.32,32.88,47.49,59.38,41.97,47.97,77.66,84.24,86.75,50.0,50.0,59.04
Leon Bailey,Aston Villa,23.79,61.7,35.98,69.73,83.46,29.11,72.63,82.11,66.34,79.79,50.0,50.0,58.72
Dwight McNeil,Everton,74.85,91.78,19.83,62.86,24.76,41.97,95.94,77.66,70.5,44.1,50.0,50.0,58.69
Yves Bissouma,Tottenham Hotspur,53.68,54.45,70.99,71.47,67.02,83.95,54.55,55.32,45.94,45.55,50.0,50.0,58.58
Adam Wharton,Crystal Palace,23.79,77.95,65.28,77.76,55.22,68.96,63.54,65.76,53.87,50.58,50.0,50.0,58.56
Issa Diop,Fulham,53.68,66.05,86.17,54.74,24.76,62.38,71.18,77.66,56.09,49.13,50.0,50.0,58.49
Wes Burns,Manchester City,23.79,55.9,46.23,69.73,80.08,41.97,50.58,65.76,67.31,98.26,50.0,50.0,58.3
Marshall Munetsi,Wolverhampton Wanderers,81.24,75.63,54.93,52.13,24.76,60.35,76.79,48.45,46.91,78.34,50.0,50.0,58.29
Alejandro Garnacho,Manchester United,74.85,81.43,41.49,67.21,24.76,64.8,91.01,53.0,57.35,43.52,50.0,50.0,58.28
Omar Marmoush,Manchester City,74.85,82.4,23.5,62.86,55.22,41.97,97.29,50.97,61.41,45.55,50.0,50.0,58.0
Oliver Skipp,Leicester City,53.68,50.77,41.49,56.67,59.38,55.61,74.95,43.81,94.78,62.86,50.0,50.0,57.83
Jacob Murphy,Newcastle United,65.28,69.83,67.5,56.67,63.25,4.74,68.67,89.65,51.26,55.61,50.0,50.0,57.71
Kenny Tete,Fulham,65.28,60.44,83.95,54.74,24.76,88.78,65.86,47.68,52.22,47.0,50.0,50.0,57.56
Jens Cajuste,Ipswich Town,23.79,64.02,69.63,64.8,59.38,79.21,76.02,46.71,49.9,53.38,50.0,50.0,57.24
Harvey Barnes,Newcastle United,74.85,61.7,43.91,71.47,24.76,48.16,61.22,58.32,47.78,93.23,50.0,50.0,57.12
Sam Morsy,Ipswich Town,53.68,50.1,76.5,52.13,55.22,93.52,51.26,45.94,48.94,55.61,50.0,50.0,56.91
Christopher Nkunku,Chelsea,23.79,66.83,38.88,64.8,59.38,39.65,75.53,80.27,70.02,61.61,50.0,50.0,56.73
Harry Wilson,Fulham,23.79,80.37,38.88,58.8,73.4,54.35,52.8,65.76,45.94,85.3,50.0,50.0,56.62
Gonçalo Guedes,Wolverhampton Wanderers,23.79,55.61,23.5,67.21,80.08,48.16,55.71,82.11,49.9,91.01,50.0,50.0,56.42
Dominik Szoboszlai,Liverpool,94.2,66.44,49.71,52.13,24.76,73.11,65.18,55.32,51.26,43.91,50.0,50.0,56.34
Jack Clarke,Ipswich Town,23.79,65.28,62.09,60.93,55.22,67.79,86.07,49.23,60.44,43.71,50.0,50.0,56.21
Joachim Andersen,Fulham,81.24,48.45,98.26,52.13,70.31,4.74,65.86,54.26,51.26,47.78,50.0,50.0,56.19
Luke Woolfenden,Ipswich Town,53.68,47.97,88.49,47.49,67.02,33.56,50.1,65.76,54.93,63.93,50.0,50.0,56.08
Cody Gakpo,Liverpool,53.68,80.37,53.0,62.86,51.06,4.74,92.46,84.43,43.91,46.03,50.0,50.0,56.04
Jørgen Strand Larsen,Wolverhampton Wanderers,53.68,67.31,67.5,69.73,24.76,35.88,88.1,50.97,63.54,46.03,50.0,50.0,55.62
Riccardo Calafiori,Arsenal,23.79,75.05,63.25,67.21,73.4,4.74,64.8,89.65,51.26,50.58,50.0,50.0,55.31
Joshua Zirkzee,Manchester United,65.28,57.25,35.98,43.71,51.06,44.39,77.66,58.32,63.54,60.25,50.0,50.0,54.79
Eberechi Eze,Crystal Palace,65.28,44.0,35.98,46.03,24.76,75.24,64.31,58.32,78.92,56.96,50.0,50.0,54.15
Nicolas Jackson,Chelsea,23.79,70.5,51.26,60.93,24.76,57.45,85.11,58.32,59.38,58.03,50.0,50.0,54.13
Omari Hutchinson,Ipswich Town,23.79,53.68,32.88,79.5,55.22,67.79,56.67,68.28,45.94,65.57,50.0,50.0,54.11
Marcos Senesi,Bournemouth,53.68,47.2,83.08,49.42,24.76,75.24,60.35,53.0,52.22,49.71,50.0,50.0,54.06
Paul Onuachu,Southampton,23.79,68.96,53.0,58.8,55.22,29.11,81.82,56.58,70.02,49.13,50.0,50.0,53.87
Radu Dragusin,Tottenham Hotspur,65.28,45.55,77.27,44.78,24.76,35.88,62.86,45.26,94.78,47.78,50.0,50.0,53.68
Adama Traoré,Fulham,23.79,72.05,25.82,43.71,24.76,54.35,79.98,73.98,74.56,70.7,50.0,50.0,53.64
Vladimír Coufal,West Ham United,23.79,54.45,71.57,60.93,51.06,57.45,48.65,62.96,58.41,49.13,50.0,50.0,53.2
Ollie Watkins,Aston Villa,81.24,46.52,49.71,52.13,51.06,35.88,63.54,58.32,47.78,51.55,50.0,50.0,53.14
Harry Winks,Leicester City,23.79,56.29,56.0,52.13,55.22,60.35,68.28,55.32,53.09,52.22,50.0,50.0,52.72
Joe Willock,Newcastle United,23.79,56.87,28.24,52.13,63.25,64.8,58.99,45.26,85.3,50.58,50.0,50.0,52.43
Matheus Nunes,Manchester City,91.59,47.2,5.61,44.78,51.06,70.31,62.86,50.97,44.2,56.96,50.0,50.0,52.13
Chris Wood,Nottingham Forest,53.68,58.51,66.44,54.74,67.02,26.02,47.1,49.23,43.62,47.78,50.0,50.0,51.18
Jacob Ramsey,Aston Villa,23.79,76.98,35.98,44.78,24.76,64.8,69.15,62.96,48.94,55.61,50.0,50.0,50.65
Darwin Núñez,Liverpool,23.79,54.45,43.91,49.42,55.22,55.61,58.61,53.0,48.94,62.86,50.0,50.0,50.48
Julio Enciso,Ipswich Town,23.79,59.57,32.88,47.49,51.06,39.65,96.52,84.43,44.87,21.76,50.0,50.0,50.17
Simon Adingra,Brighton & Hove Albion,23.79,71.18,30.56,49.42,24.76,59.19,77.66,53.0,49.9,53.38,50.0,50.0,49.4
Leny Yoro,Manchester United,53.68,57.54,76.11,46.03,24.76,4.74,63.54,50.97,46.91,61.61,50.0,50.0,48.82
Georginio Rutter,Brighton & Hove Albion,23.79,46.23,46.23,49.42,24.76,75.24,57.83,50.97,50.58,52.22,50.0,50.0,48.11
Adam Armstrong,Everton,53.68,43.71,35.98,46.03,51.06,39.65,50.1,43.81,45.94,56.96,50.0,50.0,47.24
Morato,Nottingham Forest,74.85,21.66,88.01,21.66,24.76,57.45,21.66,21.66,21.66,21.76,50.0,50.0,39.59
Patrick Dorgu,Manchester United,65.28,21.66,57.16,21.66,24.76,66.44,21.66,21.66,21.66,21.76,50.0,50.0,36.98
Alex Palmer,Ipswich Town,23.79,21.66,59.57,21.66,24.76,4.74,21.66,21.66,21.66,21.76,100.0,100.0,36.91
Kostas Tsimikas,Liverpool,65.28,21.66,54.93,21.66,24.76,66.44,21.66,21.66,21.66,21.76,50.0,50.0,36.79
Adam Webster,Brighton & Hove Albion,74.85,21.66,74.56,21.66,24.76,35.88,21.66,21.66,21.66,21.76,50.0,50.0,36.68
Aaron Cresswell,West Ham United,74.85,21.66,71.57,21.66,24.76,37.72,21.66,21.66,21.66,21.76,50.0,50.0,36.58
Nico González,Manchester City,74.85,21.66,59.57,21.66,24.76,48.16,21.66,21.66,21.66,21.76,50.0,50.0,36.45
Axel Disasi,Aston Villa,65.28,21.66,66.44,21.66,24.76,46.13,21.66,21.66,21.66,21.76,50.0,50.0,36.06
Nathan Wood,Nottingham Forest,53.68,21.66,73.31,21.66,24.76,44.39,21.66,21.66,21.66,21.76,50.0,50.0,35.52
Ollie Scarles,West Ham United,53.68,21.66,58.22,21.66,24.76,55.61,21.66,21.66,21.66,21.76,50.0,50.0,35.19
Victor Lindelöf,Manchester United,65.28,21.66,71.57,21.66,24.76,29.11,21.66,21.66,21.66,21.76,50.0,50.0,35.06
Sean Longstaff,Newcastle United,65.28,21.66,35.98,21.66,24.76,63.15,21.66,21.66,21.66,21.76,50.0,50.0,34.94
Tariq Lamptey,Brighton & Hove Albion,53.68,21.66,59.57,21.66,24.76,50.77,21.66,21.66,21.66,21.76,50.0,50.0,34.9
Michael Kayode,Brentford,53.68,21.66,54.93,21.66,24.76,50.77,21.66,21.66,21.66,21.76,50.0,50.0,34.52
Sven Botman,Newcastle United,53.68,21.66,64.12,21.66,24.76,39.65,21.66,21.66,21.66,21.76,50.0,50.0,34.36
Diego Carlos,Aston Villa,53.68,21.66,70.99,21.66,24.76,31.43,21.66,21.66,21.66,21.76,50.0,50.0,34.24
Abdukodir Khusanov,Manchester City,65.28,21.66,66.44,21.66,24.76,22.92,21.66,21.66,21.66,21.76,50.0,50.0,34.12
Joe Gomez,Liverpool,53.68,21.66,57.16,21.66,24.76,41.97,21.66,21.66,21.66,21.76,50.0,50.0,33.97
Jaden Philogene,Ipswich Town,53.68,21.66,35.98,21.66,24.76,61.41,21.66,21.66,21.66,21.76,50.0,50.0,33.82
Welington,Southampton,23.79,21.66,69.63,21.66,24.76,55.61,21.66,21.66,21.66,21.76,50.0,50.0,33.65
Mathias Jensen,Brentford,53.68,21.66,48.07,21.66,24.76,44.39,21.66,21.66,21.66,21.76,50.0,50.0,33.41
Ferdi Kadioglu,Brighton & Hove Albion,53.68,21.66,54.93,21.66,24.76,35.88,21.66,21.66,21.66,21.76,50.0,50.0,33.28
Nico O'Reilly,Manchester City,65.28,21.66,41.49,21.66,24.76,33.56,21.66,21.66,21.66,21.76,50.0,50.0,32.93
Kevin Danso,Tottenham Hotspur,23.79,21.66,86.17,21.66,24.76,29.11,21.66,21.66,21.66,21.76,50.0,50.0,32.82
James Hill,Bournemouth,23.79,21.66,68.38,21.66,24.76,46.13,21.66,21.66,21.66,21.76,50.0,50.0,32.76
Jack Taylor,Ipswich Town,23.79,21.66,59.57,21.66,24.76,54.35,21.66,21.66,21.66,21.76,50.0,50.0,32.71
Jonny Evans,Manchester United,53.68,21.66,51.26,21.66,24.76,31.43,21.66,21.66,21.66,21.76,50.0,50.0,32.6
Rodrigo Gomes,Wolverhampton Wanderers,23.79,21.66,53.0,21.66,24.76,59.19,21.66,21.66,21.66,21.76,50.0,50.0,32.57
John Stones,Manchester City,53.68,21.66,56.0,21.66,24.76,26.02,21.66,21.66,21.66,21.76,50.0,50.0,32.54
Ryan Sessegnon,Fulham,23.79,21.66,48.07,21.66,24.76,63.15,21.66,21.66,21.66,21.76,50.0,50.0,32.49
Conor Bradley,Liverpool,23.79,21.66,64.12,21.66,24.76,44.39,21.66,21.66,21.66,21.76,50.0,50.0,32.26
Tim Iroegbunam,Everton,23.79,21.66,43.91,21.66,24.76,63.83,21.66,21.66,21.66,21.76,50.0,50.0,32.2
Kasey McAteer,Leicester City,23.79,21.66,48.07,21.66,24.76,59.19,21.66,21.66,21.66,21.76,50.0,50.0,32.16
Alex Scott,Bournemouth,23.79,21.66,43.91,21.66,24.76,63.15,21.66,21.66,21.66,21.76,50.0,50.0,32.14
Jarell Quansah,Liverpool,23.79,21.66,65.28,21.66,24.76,39.65,21.66,21.66,21.66,21.76,50.0,50.0,31.96
Will Smallbone,Southampton,23.79,21.66,49.71,21.66,24.76,54.35,21.66,21.66,21.66,21.76,50.0,50.0,31.89
Ross Barkley,Aston Villa,53.68,21.66,28.24,21.66,24.76,44.39,21.66,21.66,21.66,21.76,50.0,50.0,31.76
Abdul Fatawu,Leicester City,23.79,21.66,46.23,21.66,24.76,55.61,21.66,21.66,21.66,21.76,50.0,50.0,31.7
Roméo Lavia,Chelsea,23.79,21.66,41.49,21.66,24.76,57.45,21.66,21.66,21.66,21.76,50.0,50.0,31.46
Gabriel Jesus,Arsenal,53.68,21.66,32.88,21.66,24.76,35.88,21.66,21.66,21.66,21.76,50.0,50.0,31.44
Diego Gómez,Brighton & Hove Albion,23.79,21.66,41.49,21.66,24.76,55.61,21.66,21.66,21.66,21.76,50.0,50.0,31.31
Patson Daka,Leicester City,23.79,21.66,43.91,21.66,24.76,53.19,21.66,21.66,21.66,21.76,50.0,50.0,31.31
Oleksandr Zinchenko,Arsenal,53.68,21.66,38.88,21.66,24.76,26.02,21.66,21.66,21.66,21.76,50.0,50.0,31.12
Justin Devenny,Crystal Palace,23.79,21.66,43.91,21.66,24.76,50.77,21.66,21.66,21.66,21.76,50.0,50.0,31.11
Nathan Aké,Manchester City,23.79,21.66,61.03,21.66,24.76,33.56,21.66,21.66,21.66,21.76,50.0,50.0,31.1
Marco Asensio,Aston Villa,65.28,21.66,23.5,21.66,24.76,29.11,21.66,21.66,21.66,21.76,50.0,50.0,31.06
Ethan Nwaneri,Arsenal,53.68,21.66,25.82,21.66,24.76,37.72,21.66,21.66,21.66,21.76,50.0,50.0,31.0
Jack Grealish,Manchester City,53.68,21.66,28.24,21.66,24.76,33.56,21.66,21.66,21.66,21.76,50.0,50.0,30.86
Jorge Cuenca,Fulham,23.79,21.66,64.7,21.66,24.76,26.02,21.66,21.66,21.66,21.76,50.0,50.0,30.78
Lamare Bogarde,Aston Villa,23.79,21.66,46.23,21.66,24.76,44.39,21.66,21.66,21.66,21.76,50.0,50.0,30.77
Cheick Doucouré,Crystal Palace,23.79,21.66,41.49,21.66,24.76,48.16,21.66,21.66,21.66,21.76,50.0,50.0,30.69
Jorginho,Arsenal,53.68,21.66,19.83,21.66,24.76,39.65,21.66,21.66,21.66,21.76,50.0,50.0,30.67
Julián Araujo,Bournemouth,23.79,21.66,53.0,21.66,24.76,35.88,21.66,21.66,21.66,21.76,50.0,50.0,30.62
Armel Bella-Kotchap,Southampton,23.79,21.66,59.57,21.66,24.76,29.11,21.66,21.66,21.66,21.76,50.0,50.0,30.61
Nathaniel Clyne,Crystal Palace,23.79,21.66,48.07,21.66,24.76,39.65,21.66,21.66,21.66,21.76,50.0,50.0,30.53
Conor Townsend,Ipswich Town,23.79,21.66,49.71,21.66,24.76,37.72,21.66,21.66,21.66,21.76,50.0,50.0,30.5
Yerson Mosquera,Wolverhampton Wanderers,23.79,21.66,49.71,21.66,24.76,37.72,21.66,21.66,21.66,21.76,50.0,50.0,30.5
Ricardo Pereira,Leicester City,23.79,21.66,43.91,21.66,24.76,41.97,21.66,21.66,21.66,21.76,50.0,50.0,30.37
Renato Veiga,Chelsea,53.68,21.66,19.83,21.66,24.76,33.56,21.66,21.66,21.66,21.76,50.0,50.0,30.16
Tommy Doyle,Wolverhampton Wanderers,23.79,21.66,43.91,21.66,24.76,37.72,21.66,21.66,21.66,21.76,50.0,50.0,30.02
Pablo Sarabia,Wolverhampton Wanderers,23.79,21.66,32.88,21.66,24.76,48.16,21.66,21.66,21.66,21.76,50.0,50.0,29.97
Benoît Badiashile,Chelsea,23.79,21.66,46.23,21.66,24.76,33.56,21.66,21.66,21.66,21.76,50.0,50.0,29.87
Carlos Alcaraz,Everton,23.79,21.66,41.49,21.66,24.76,37.72,21.66,21.66,21.66,21.76,50.0,50.0,29.82
Jhon Durán,Aston Villa,23.79,21.66,46.23,21.66,24.76,31.43,21.66,21.66,21.66,21.76,50.0,50.0,29.69
Brajan Gruda,Brighton & Hove Albion,23.79,21.66,28.24,21.66,24.76,48.16,21.66,21.66,21.66,21.76,50.0,50.0,29.58
Wataru Endo,Liverpool,23.79,21.66,35.98,21.66,24.76,39.65,21.66,21.66,21.66,21.76,50.0,50.0,29.52
Bobby De Cordova-Reid,Leicester City,23.79,21.66,41.49,21.66,24.76,33.56,21.66,21.66,21.66,21.76,50.0,50.0,29.47
Lloyd Kelly,Bournemouth,23.79,21.66,51.26,21.66,24.76,22.92,21.66,21.66,21.66,21.76,50.0,50.0,29.4
Emil Krafth,Newcastle United,23.79,21.66,53.0,21.66,24.76,20.41,21.66,21.66,21.66,21.76,50.0,50.0,29.33
Niclas Füllkrug,West Ham United,23.79,21.66,53.0,21.66,24.76,20.41,21.66,21.66,21.66,21.76,50.0,50.0,29.33
Ben Chilwell,Crystal Palace,23.79,21.66,43.91,21.66,24.76,29.11,21.66,21.66,21.66,21.76,50.0,50.0,29.3
Lewis Miley,Newcastle United,23.79,21.66,28.24,21.66,24.76,44.39,21.66,21.66,21.66,21.76,50.0,50.0,29.27
Wilson Odobert,Tottenham Hotspur,23.79,21.66,28.24,21.66,24.76,44.39,21.66,21.66,21.66,21.76,50.0,50.0,29.27
Crysencio Summerville,West Ham United,23.79,21.66,30.56,21.66,24.76,41.97,21.66,21.66,21.66,21.76,50.0,50.0,29.26
Willy-Arnaud Boly,Nottingham Forest,23.79,21.66,46.23,21.66,24.76,26.02,21.66,21.66,21.66,21.76,50.0,50.0,29.24
Mason Mount,Manchester United,23.79,21.66,25.82,21.66,24.76,46.13,21.66,21.66,21.66,21.76,50.0,50.0,29.21
Conor Chaplin,Ipswich Town,23.79,21.66,23.5,21.66,24.76,46.13,21.66,21.66,21.66,21.76,50.0,50.0,29.02
Andrés García,Aston Villa,23.79,21.66,35.98,21.66,24.76,33.56,21.66,21.66,21.66,21.76,50.0,50.0,29.01
Harry Clarke,Ipswich Town,23.79,21.66,46.23,21.66,24.76,22.92,21.66,21.66,21.66,21.76,50.0,50.0,28.98
Kieran Tierney,Arsenal,23.79,21.66,38.88,21.66,24.76,29.11,21.66,21.66,21.66,21.76,50.0,50.0,28.88
Hwang Hee-Chan,Wolverhampton Wanderers,23.79,21.66,41.49,21.66,24.76,26.02,21.66,21.66,21.66,21.76,50.0,50.0,28.84
Tyler Fredricson,Manchester United,23.79,21.66,43.91,21.66,24.76,22.92,21.66,21.66,21.66,21.76,50.0,50.0,28.79
Nathan Patterson,Everton,23.79,21.66,28.24,21.66,24.76,37.72,21.66,21.66,21.66,21.76,50.0,50.0,28.71
Tom Cairney,Fulham,23.79,21.66,23.5,21.66,24.76,41.97,21.66,21.66,21.66,21.76,50.0,50.0,28.67
Harry Amass,Manchester United,23.79,21.66,38.88,21.66,24.76,26.02,21.66,21.66,21.66,21.76,50.0,50.0,28.63
Kiernan Dewsbury-Hall,Chelsea,23.79,21.66,32.88,21.66,24.76,31.43,21.66,21.66,21.66,21.76,50.0,50.0,28.58
Harry Toffolo,Nottingham Forest,23.79,21.66,41.49,21.66,24.76,22.92,21.66,21.66,21.66,21.76,50.0,50.0,28.58
Philip Billing,Bournemouth,23.79,21.66,19.83,21.66,24.76,44.39,21.66,21.66,21.66,21.76,50.0,50.0,28.57
Toby Collyer,Manchester United,23.79,21.66,23.5,21.66,24.76,39.65,21.66,21.66,21.66,21.76,50.0,50.0,28.48
Luis Sinisterra,Bournemouth,23.79,21.66,32.88,21.66,24.76,29.11,21.66,21.66,21.66,21.76,50.0,50.0,28.38
Ryan Fraser,Southampton,23.79,21.66,35.98,21.66,24.76,26.02,21.66,21.66,21.66,21.76,50.0,50.0,28.38
Fábio Carvalho,Brentford,23.79,21.66,19.83,21.66,24.76,41.97,21.66,21.66,21.66,21.76,50.0,50.0,28.37
Nathan Broadhead,Ipswich Town,23.79,21.66,28.24,21.66,24.76,33.56,21.66,21.66,21.66,21.76,50.0,50.0,28.37
George Hirst,Ipswich Town,23.79,21.66,41.49,21.66,24.76,18.57,21.66,21.66,21.66,21.76,50.0,50.0,28.22
Adam Lallana,Southampton,23.79,21.66,28.24,21.66,24.76,31.43,21.66,21.66,21.66,21.76,50.0,50.0,28.19
Richarlison,Tottenham Hotspur,23.79,21.66,35.98,21.66,24.76,22.92,21.66,21.66,21.66,21.76,50.0,50.0,28.13
Taiwo Awoniyi,Nottingham Forest,23.79,21.66,32.88,21.66,24.76,26.02,21.66,21.66,21.66,21.76,50.0,50.0,28.13
Jota Silva,Nottingham Forest,23.79,21.66,53.0,21.66,24.76,4.74,21.66,21.66,21.66,21.76,50.0,50.0,28.03
Evan Ferguson,West Ham United,23.79,21.66,28.24,21.66,24.76,29.11,21.66,21.66,21.66,21.76,50.0,50.0,28.0
Andy Irving,West Ham United,23.79,21.66,28.24,21.66,24.76,29.11,21.66,21.66,21.66,21.76,50.0,50.0,28.0
Raheem Sterling,Arsenal,23.79,21.66,23.5,21.66,24.76,33.56,21.66,21.66,21.66,21.76,50.0,50.0,27.97
Ross Stewart,Southampton,23.79,21.66,30.56,21.66,24.76,26.02,21.66,21.66,21.66,21.76,50.0,50.0,27.93
Timo Werner,Tottenham Hotspur,23.79,21.66,30.56,21.66,24.76,26.02,21.66,21.66,21.66,21.76,50.0,50.0,27.93
Ayden Heaven,Manchester United,23.79,21.66,35.98,21.66,24.76,20.41,21.66,21.66,21.66,21.76,50.0,50.0,27.92
Reiss Nelson,Fulham,23.79,21.66,19.83,21.66,24.76,33.56,21.66,21.66,21.66,21.76,50.0,50.0,27.67
Massimo Luongo,Ipswich Town,23.79,21.66,19.83,21.66,24.76,33.56,21.66,21.66,21.66,21.76,50.0,50.0,27.67
Luke Shaw,Manchester United,23.79,21.66,32.88,21.66,24.76,20.41,21.66,21.66,21.66,21.76,50.0,50.0,27.66
Ibrahim Sangaré,Nottingham Forest,23.79,21.66,48.07,21.66,24.76,4.74,21.66,21.66,21.66,21.76,50.0,50.0,27.62
Kosta Nedeljkovic,Aston Villa,23.79,21.66,23.5,21.66,24.76,29.11,21.66,21.66,21.66,21.76,50.0,50.0,27.6
Chiedozie Ogbene,Southampton,23.79,21.66,23.5,21.66,24.76,29.11,21.66,21.66,21.66,21.76,50.0,50.0,27.6
Séamus Coleman,Everton,23.79,21.66,32.88,21.66,24.76,18.57,21.66,21.66,21.66,21.76,50.0,50.0,27.5
João Félix,Chelsea,23.79,21.66,19.83,21.66,24.76,31.43,21.66,21.66,21.66,21.76,50.0,50.0,27.49
Danilo,Nottingham Forest,23.79,21.66,19.83,21.66,24.76,31.43,21.66,21.66,21.66,21.76,50.0,50.0,27.49
Carlos Forbs,Wolverhampton Wanderers,23.79,21.66,19.83,21.66,24.76,31.43,21.66,21.66,21.66,21.76,50.0,50.0,27.49
Sergio Reguilón,Tottenham Hotspur,23.79,21.66,30.56,21.66,24.76,20.41,21.66,21.66,21.66,21.76,50.0,50.0,27.46
Ramón Sosa,Nottingham Forest,23.79,21.66,25.82,21.66,24.76,22.92,21.66,21.66,21.66,21.76,50.0,50.0,27.28
Ben Mee,Brentford,23.79,21.66,32.88,21.66,24.76,15.47,21.66,21.66,21.66,21.76,50.0,50.0,27.25
Romain Esse,Crystal Palace,23.79,21.66,14.31,21.66,24.76,33.56,21.66,21.66,21.66,21.76,50.0,50.0,27.21
Harvey Elliott,Liverpool,23.79,21.66,23.5,21.66,24.76,22.92,21.66,21.66,21.66,21.76,50.0,50.0,27.09
Igor Thiago,Brentford,23.79,21.66,23.5,21.66,24.76,22.92,21.66,21.66,21.66,21.76,50.0,50.0,27.09
Danny Ings,West Ham United,23.79,21.66,25.82,21.66,24.76,20.41,21.66,21.66,21.66,21.76,50.0,50.0,27.07
Harrison Reed,Fulham,23.79,21.66,19.83,21.66,24.76,26.02,21.66,21.66,21.66,21.76,50.0,50.0,27.04
Armando Broja,Everton,23.79,21.66,25.82,21.66,24.76,18.57,21.66,21.66,21.66,21.76,50.0,50.0,26.92
Ben Brereton,Southampton,23.79,21.66,25.82,21.66,24.76,18.57,21.66,21.66,21.66,21.76,50.0,50.0,26.92
Mikey Moore,Tottenham Hotspur,23.79,21.66,28.24,21.66,24.76,15.47,21.66,21.66,21.66,21.76,50.0,50.0,26.86
Donyell Malen,Aston Villa,23.79,21.66,14.31,21.66,24.76,29.11,21.66,21.66,21.66,21.76,50.0,50.0,26.84
Roman Dixon,Everton,23.79,21.66,19.83,21.66,24.76,22.92,21.66,21.66,21.66,21.76,50.0,50.0,26.78
James Milner,Brighton,23.79,21.66,19.83,21.66,24.76,22.92,21.66,21.66,21.66,21.76,50.0,50.0,26.78
Maxwel Cornet,West Ham United,23.79,21.66,19.83,21.66,24.76,22.92,21.66,21.66,21.66,21.76,50.0,50.0,26.78
Enes Ünal,Bournemouth,23.79,21.66,30.56,21.66,24.76,11.32,21.66,21.66,21.66,21.76,50.0,50.0,26.71
Solly March,Brighton & Hove Albion,23.79,21.66,14.31,21.66,24.76,26.02,21.66,21.66,21.66,21.76,50.0,50.0,26.58
Emiliano Buendía,Aston Villa,23.79,21.66,14.31,21.66,24.76,26.02,21.66,21.66,21.66,21.76,50.0,50.0,26.58
Woyo Coulibaly,Leicester City,23.79,21.66,14.31,21.66,24.76,26.02,21.66,21.66,21.66,21.76,50.0,50.0,26.58
Joel Ward,Crystal Palace,23.79,21.66,23.5,21.66,24.76,15.47,21.66,21.66,21.66,21.76,50.0,50.0,26.46
Gustavo Nunes,Brentford,23.79,21.66,19.83,21.66,24.76,18.57,21.66,21.66,21.66,21.76,50.0,50.0,26.42
James McAtee,Manchester City,23.79,21.66,14.31,21.66,24.76,22.92,21.66,21.66,21.66,21.76,50.0,50.0,26.32
Daniel Jebbison,Bournemouth,23.79,21.66,14.31,21.66,24.76,22.92,21.66,21.66,21.66,21.76,50.0,50.0,26.32
Pedro Lima,Wolverhampton Wanderers,23.79,21.66,25.82,21.66,24.76,11.32,21.66,21.66,21.66,21.76,50.0,50.0,26.31
Odsonne Édouard,Leicester City,23.79,21.66,19.83,21.66,24.76,15.47,21.66,21.66,21.66,21.76,50.0,50.0,26.16
Michail Antonio,West Ham United,23.79,21.66,19.83,21.66,24.76,15.47,21.66,21.66,21.66,21.76,50.0,50.0,26.16
Rico Henry,Brentford,23.79,21.66,19.83,21.66,24.76,15.47,21.66,21.66,21.66,21.76,50.0,50.0,26.16
Jakub Moder,Brighton,23.79,21.66,23.5,21.66,24.76,11.32,21.66,21.66,21.66,21.76,50.0,50.0,26.12
Ben Godfrey,Ipswich Town,23.79,21.66,23.5,21.66,24.76,11.32,21.66,21.66,21.66,21.76,50.0,50.0,26.12
Willian,Fulham,23.79,21.66,14.31,21.66,24.76,20.41,21.66,21.66,21.66,21.76,50.0,50.0,26.11
Jay Robinson,Southampton,23.79,21.66,14.31,21.66,24.76,20.41,21.66,21.66,21.66,21.76,50.0,50.0,26.11
Charlie Taylor,Southampton,23.79,21.66,5.61,21.66,24.76,29.11,21.66,21.66,21.66,21.76,50.0,50.0,26.11
Albert Grønbæk,Southampton,23.79,21.66,14.31,21.66,24.76,20.41,21.66,21.66,21.66,21.76,50.0,50.0,26.11
Billy Gilmour,Brighton & Hove Albion,23.79,21.66,14.31,21.66,24.76,18.57,21.66,21.66,21.66,21.76,50.0,50.0,25.96
Antony,Manchester United,23.79,21.66,5.61,21.66,24.76,26.02,21.66,21.66,21.66,21.76,50.0,50.0,25.85
Ali Al-Hamadi,Ipswich Town,23.79,21.66,19.83,21.66,24.76,11.32,21.66,21.66,21.66,21.76,50.0,50.0,25.81
Hamza Choudhury,Leicester City,23.79,21.66,19.83,21.66,24.76,11.32,21.66,21.66,21.66,21.76,50.0,50.0,25.81
Jahmai Simpson-Pusey,Manchester City,23.79,21.66,19.83,21.66,24.76,11.32,21.66,21.66,21.66,21.76,50.0,50.0,25.81
Nasser Djiga,Wolverhampton Wanderers,23.79,21.66,25.82,21.66,24.76,4.74,21.66,21.66,21.66,21.76,50.0,50.0,25.76
Tyrique George,Chelsea,23.79,21.66,14.31,21.66,24.76,15.47,21.66,21.66,21.66,21.76,50.0,50.0,25.7
Jeremy Monga,Leicester City,23.79,21.66,14.31,21.66,24.76,15.47,21.66,21.66,21.66,21.76,50.0,50.0,25.7
Matheus França,Crystal Palace,23.79,21.66,14.31,21.66,24.76,15.47,21.66,21.66,21.66,21.76,50.0,50.0,25.7
Jeffrey Schlupp,Crystal Palace,23.79,21.66,14.31,21.66,24.76,15.47,21.66,21.66,21.66,21.76,50.0,50.0,25.7
Paris Maghoma,Brentford,23.79,21.66,14.31,21.66,24.76,15.47,21.66,21.66,21.66,21.76,50.0,50.0,25.7
Callum Wilson,Newcastle United,23.79,21.66,14.31,21.66,24.76,15.47,21.66,21.66,21.66,21.76,50.0,50.0,25.7
Tyrell Malacia,Manchester United,23.79,21.66,14.31,21.66,24.76,15.47,21.66,21.66,21.66,21.76,50.0,50.0,25.7
Josh Acheampong,Chelsea,23.79,21.66,14.31,21.66,24.76,15.47,21.66,21.66,21.66,21.76,50.0,50.0,25.7
Rodri,Manchester City,23.79,21.66,14.31,21.66,24.76,15.47,21.66,21.66,21.66,21.76,50.0,50.0,25.7
Caleb Kporha,Crystal Palace,23.79,21.66,14.31,21.66,24.76,15.47,21.66,21.66,21.66,21.76,50.0,50.0,25.7
William Osula,Newcastle United,23.79,21.66,14.31,21.66,24.76,15.47,21.66,21.66,21.66,21.76,50.0,50.0,25.7
Mykhailo Mudryk,Chelsea,23.79,21.66,14.31,21.66,24.76,15.47,21.66,21.66,21.66,21.76,50.0,50.0,25.7
Chido Obi,Manchester United,23.79,21.66,14.31,21.66,24.76,15.47,21.66,21.66,21.66,21.76,50.0,50.0,25.7
Chadi Riad,Crystal Palace,23.79,21.66,5.61,21.66,24.76,22.92,21.66,21.66,21.66,21.76,50.0,50.0,25.6
Yunus Konak,Brentford,23.79,21.66,5.61,21.66,24.76,20.41,21.66,21.66,21.66,21.76,50.0,50.0,25.39
Dane Scarlett,Tottenham Hotspur,23.79,21.66,14.31,21.66,24.76,11.32,21.66,21.66,21.66,21.76,50.0,50.0,25.35
Federico Chiesa,Liverpool,23.79,21.66,14.31,21.66,24.76,11.32,21.66,21.66,21.66,21.76,50.0,50.0,25.35
Marcus Harness,Ipswich Town,23.79,21.66,14.31,21.66,24.76,11.32,21.66,21.66,21.66,21.76,50.0,50.0,25.35
Luis Guilherme,West Ham United,23.79,21.66,14.31,21.66,24.76,11.32,21.66,21.66,21.66,21.76,50.0,50.0,25.35
Eiran Cashin,Brighton & Hove Albion,23.79,21.66,19.83,21.66,24.76,4.74,21.66,21.66,21.66,21.76,50.0,50.0,25.26
Kim Ji-Soo,Brentford,23.79,21.66,19.83,21.66,24.76,4.74,21.66,21.66,21.66,21.76,50.0,50.0,25.26
Samuel Edozie,Southampton,23.79,21.66,5.61,21.66,24.76,18.57,21.66,21.66,21.66,21.76,50.0,50.0,25.23
Miguel Almirón,Newcastle United,23.79,21.66,5.61,21.66,24.76,18.57,21.66,21.66,21.66,21.76,50.0,50.0,25.23
Boubacar Traoré,Wolverhampton Wanderers,23.79,21.66,5.61,21.66,24.76,15.47,21.66,21.66,21.66,21.76,50.0,50.0,24.97
Eric da Silva Moreira,Nottingham Forest,23.79,21.66,5.61,21.66,24.76,15.47,21.66,21.66,21.66,21.76,50.0,50.0,24.97
Asher Agbinone,Crystal Palace,23.79,21.66,5.61,21.66,24.76,15.47,21.66,21.66,21.66,21.76,50.0,50.0,24.97
Max Aarons,Bournemouth,23.79,21.66,5.61,21.66,24.76,15.47,21.66,21.66,21.66,21.76,50.0,50.0,24.97
Kaelan Casey,West Ham United,23.79,21.66,14.31,21.66,24.76,4.74,21.66,21.66,21.66,21.76,50.0,50.0,24.8
Harrison Armstrong,Everton,23.79,21.66,14.31,21.66,24.76,4.74,21.66,21.66,21.66,21.76,50.0,50.0,24.8
Vitor Reis,Manchester City,23.79,21.66,14.31,21.66,24.76,4.74,21.66,21.66,21.66,21.76,50.0,50.0,24.8
Scott McTominay,Manchester United,23.79,21.66,14.31,21.66,24.76,4.74,21.66,21.66,21.66,21.76,50.0,50.0,24.8
Takehiro Tomiyasu,Arsenal,23.79,21.66,14.31,21.66,24.76,4.74,21.66,21.66,21.66,21.76,50.0,50.0,24.8
Zain Silcott-Duberry,Bournemouth,23.79,21.66,5.61,21.66,24.76,11.32,21.66,21.66,21.66,21.76,50.0,50.0,24.63
Julio Soler,Bournemouth,23.79,21.66,5.61,21.66,24.76,11.32,21.66,21.66,21.66,21.76,50.0,50.0,24.63
Olabade Aluko,Leicester City,23.79,21.66,5.61,21.66,24.76,11.32,21.66,21.66,21.66,21.76,50.0,50.0,24.63
Jake Evans,Leicester City,23.79,21.66,5.61,21.66,24.76,11.32,21.66,21.66,21.66,21.76,50.0,50.0,24.63
Claudio Echeverri,Manchester City,23.79,21.66,5.61,21.66,24.76,11.32,21.66,21.66,21.66,21.76,50.0,50.0,24.63
Ryan Trevitt,Brentford,23.79,21.66,5.61,21.66,24.76,11.32,21.66,21.66,21.66,21.76,50.0,50.0,24.63
Sam Amo-Ameyaw,Southampton,23.79,21.66,5.61,21.66,24.76,11.32,21.66,21.66,21.66,21.76,50.0,50.0,24.63
Harry Howell,Brighton & Hove Albion,23.79,21.66,5.61,21.66,24.76,11.32,21.66,21.66,21.66,21.76,50.0,50.0,24.63
Marc Guiu,Chelsea,23.79,21.66,5.61,21.66,24.76,11.32,21.66,21.66,21.66,21.76,50.0,50.0,24.63
Divin Mubama,Manchester City,23.79,21.66,5.61,21.66,24.76,4.74,21.66,21.66,21.66,21.76,50.0,50.0,24.08
Oscar Bobb,Manchester City,23.79,21.66,5.61,21.66,24.76,4.74,21.66,21.66,21.66,21.76,50.0,50.0,24.08
Martial Godo,Fulham,23.79,21.66,5.61,21.66,24.76,4.74,21.66,21.66,21.66,21.76,50.0,50.0,24.08
Jay Stansfield,Fulham,23.79,21.66,5.61,21.66,24.76,4.74,21.66,21.66,21.66,21.76,50.0,50.0,24.08
Jayden Danns,Liverpool,23.79,21.66,5.61,21.66,24.76,4.74,21.66,21.66,21.66,21.76,50.0,50.0,24.08
Will Lankshear,Tottenham Hotspur,23.79,21.66,5.61,21.66,24.76,4.74,21.66,21.66,21.66,21.76,50.0,50.0,24.08
Chiquinho,Wolverhampton Wanderers,23.79,21.66,5.61,21.66,24.76,4.74,21.66,21.66,21.66,21.76,50.0,50.0,24.08
Will Alves,Leicester City,23.79,21.66,5.61,21.66,24.76,4.74,21.66,21.66,21.66,21.76,50.0,50.0,24.08
Alfie Pond,Wolverhampton Wanderers,23.79,21.66,5.61,21.66,24.76,4.74,21.66,21.66,21.66,21.76,50.0,50.0,24.08
George Edmundson,Ipswich Town,23.79,21.66,5.61,21.66,24.76,4.74,21.66,21.66,21.66,21.76,50.0,50.0,24.08
Michael Golding,Leicester City,23.79,21.66,5.61,21.66,24.76,4.74,21.66,21.66,21.66,21.76,50.0,50.0,24.08
Mateus Mané,Wolverhampton Wanderers,23.79,21.66,5.61,21.66,24.76,4.74,21.66,21.66,21.66,21.76,50.0,50.0,24.08
Nathan Butler-Oyedeji,Arsenal,23.79,21.66,5.61,21.66,24.76,4.74,21.66,21.66,21.66,21.76,50.0,50.0,24.08
Matt Targett,Newcastle United,23.79,21.66,5.61,21.66,24.76,4.74,21.66,21.66,21.66,21.76,50.0,50.0,24.08
Jeremy Sarmiento,Brighton & Hove Albion,23.79,21.66,5.61,21.66,24.76,4.74,21.66,21.66,21.66,21.76,50.0,50.0,24.08
Shumaira Mheuka,Chelsea,23.79,21.66,5.61,21.66,24.76,4.74,21.66,21.66,21.66,21.76,50.0,50.0,24.08
Mathis Amougou,Chelsea,23.79,21.66,5.61,21.66,24.76,4.74,21.66,21.66,21.66,21.76,50.0,50.0,24.08
Carlos Vinícius,Fulham,23.79,21.66,5.61,21.66,24.76,4.74,21.66,21.66,21.66,21.76,50.0,50.0,24.08
Youssef Chermiti,Everton,23.79,21.66,5.61,21.66,24.76,4.74,21.66,21.66,21.66,21.76,50.0,50.0,24.08
Mason Holgate,Southampton,23.79,21.66,5.61,21.66,24.76,4.74,21.66,21.66,21.66,21.76,50.0,50.0,24.08
Ronnie Edwards,Southampton,23.79,21.66,5.61,21.66,24.76,4.74,21.66,21.66,21.66,21.76,50.0,50.0,24.08
Ben Winterburn,Bournemouth,23.79,21.66,5.61,21.66,24.76,4.74,21.66,21.66,21.66,21.76,50.0,50.0,24.08
Joachim Kayi-Sanda,Southampton,23.79,21.66,5.61,21.66,24.76,4.74,21.66,21.66,21.66,21.76,50.0,50.0,24.08
Lewis Orford,West Ham United,23.79,21.66,5.61,21.66,24.76,4.74,21.66,21.66,21.66,21.76,50.0,50.0,24.08
Daniel Podence,Wolverhampton Wanderers,23.79,21.66,5.61,21.66,24.76,4.74,21.66,21.66,21.66,21.76,50.0,50.0,24.08
Remy Rees-Dottin,Bournemouth,23.79,21.66,5.61,21.66,24.76,4.74,21.66,21.66,21.66,21.76,50.0,50.0,24.08
Alfie Dorrington,Tottenham Hotspur,23.79,21.66,5.61,21.66,24.76,4.74,21.66,21.66,21.66,21.76,50.0,50.0,24.08
Jayden Meghoma,Brentford,23.79,21.66,5.61,21.66,24.76,4.74,21.66,21.66,21.66,21.76,50.0,50.0,24.08
Frank Onyeka,Brentford,23.79,21.66,5.61,21.66,24.76,4.74,21.66,21.66,21.66,21.76,50.0,50.0,24.08
